date,label,type,source_file
2019-01-01,Año nuevo,inamovible,wayback_argentina_gob_ar_feriados-nacionales-2019.html
2019-03-04,Carnaval,inamovible,wayback_argentina_gob_ar_feriados-nacionales-2019.html
2019-03-05,Carnaval,inamovible,wayback_argentina_gob_ar_feriados-nacionales-2019.html
2019-03-24,Día Nacional de la Memoria por la Verdad y la Justicia,inamovible,wayback_argentina_gob_ar_feriados-nacionales-2019.html
2019-04-02,Día del Veterano y de los Caídos en la Guerra de Malvinas,inamovible,wayback_argentina_gob_ar_feriados-nacionales-2019.html
2019-04-18,Jueves Santo,no_laborable_general,wayback_argentina_gob_ar_feriados-nacionales-2019.html
2019-04-19,Viernes Santo,inamovible,wayback_argentina_gob_ar_feriados-nacionales-2019.html
2019-04-19,Pascuas Judías,no_laborable_religioso,wayback_argentina_gob_ar_feriados-nacionales-2019.html
2019-04-20,Pascuas Judías,no_laborable_religioso,wayback_argentina_gob_ar_feriados-nacionales-2019.html
2019-04-21,Pascuas Judías,no_laborable_religioso,wayback_argentina_gob_ar_feriados-nacionales-2019.html
2019-04-24,Día de acción por la tolerancia y el respeto entre los pueblos,no_laborable_religioso,wayback_argentina_gob_ar_feriados-nacionales-2019.html
2019-04-25,Pascuas Judías,no_laborable_religioso,wayback_argentina_gob_ar_feriados-nacionales-2019.html
2019-04-26,Pascuas Judías,no_laborable_religioso,wayback_argentina_gob_ar_feriados-nacionales-2019.html
2019-04-27,Pascuas Judías,no_laborable_religioso,wayback_argentina_gob_ar_feriados-nacionales-2019.html
2019-05-01,Día del trabajador,inamovible,wayback_argentina_gob_ar_feriados-nacionales-2019.html
2019-05-25,Día de la Revolución de Mayo,inamovible,wayback_argentina_gob_ar_feriados-nacionales-2019.html
2019-06-04,Fiesta de la Ruptura del Ayuno del Sagrado Mes de Ramadán,no_laborable_religioso,wayback_argentina_gob_ar_feriados-nacionales-2019.html
2019-06-17,Día Paso a la Inmortalidad del General Martín Miguel de Güemes,trasladable,wayback_argentina_gob_ar_feriados-nacionales-2019.html
2019-06-20,Día Paso a la Inmortalidad del General Manuel Belgrano,inamovible,wayback_argentina_gob_ar_feriados-nacionales-2019.html
2019-07-08,Día no laboral con fines turísticos,turistico,wayback_argentina_gob_ar_feriados-nacionales-2019.html
2019-07-09,Día de la Independencia,inamovible,wayback_argentina_gob_ar_feriados-nacionales-2019.html
2019-08-11,Fiesta del Sacrificio,no_laborable_religioso,wayback_argentina_gob_ar_feriados-nacionales-2019.html
2019-08-17,Paso a la Inmortalidad del Gral. José de San Martín,trasladable,wayback_argentina_gob_ar_feriados-nacionales-2019.html
2019-08-19,Día no laboral con fines turísticos,turistico,wayback_argentina_gob_ar_feriados-nacionales-2019.html
2019-08-31,Año Nuevo Islámico,no_laborable_religioso,wayback_argentina_gob_ar_feriados-nacionales-2019.html
2019-09-29,Año Nuevo Judío,no_laborable_religioso,wayback_argentina_gob_ar_feriados-nacionales-2019.html
2019-09-30,Año Nuevo Judío,no_laborable_religioso,wayback_argentina_gob_ar_feriados-nacionales-2019.html
2019-10-01,Año Nuevo Judío,no_laborable_religioso,wayback_argentina_gob_ar_feriados-nacionales-2019.html
2019-10-08,Día del Perdón,no_laborable_religioso,wayback_argentina_gob_ar_feriados-nacionales-2019.html
2019-10-09,Día del Perdón,no_laborable_religioso,wayback_argentina_gob_ar_feriados-nacionales-2019.html
2019-10-12,Día del Respeto a la Diversidad Cultural,trasladable,wayback_argentina_gob_ar_feriados-nacionales-2019.html
2019-10-14,Día no laboral con fines turísticos,turistico,wayback_argentina_gob_ar_feriados-nacionales-2019.html
2019-11-18,Día de la Soberanía Nacional,trasladable,wayback_argentina_gob_ar_feriados-nacionales-2019.html
2019-12-08,Inmaculada Concepción de María,inamovible,wayback_argentina_gob_ar_feriados-nacionales-2019.html
2019-12-25,Navidad,inamovible,wayback_argentina_gob_ar_feriados-nacionales-2019.html
2020-01-01,Año nuevo,inamovible,wayback_argentina_gob_ar_feriados-nacionales-2020.html
2020-02-24,Carnaval,inamovible,wayback_argentina_gob_ar_feriados-nacionales-2020.html
2020-02-25,Carnaval,inamovible,wayback_argentina_gob_ar_feriados-nacionales-2020.html
2020-03-23,Feriados con Fines turísticos,turistico,wayback_argentina_gob_ar_feriados-nacionales-2020.html
2020-03-24,Día Nacional de la Memoria por la Verdad y la Justicia,inamovible,wayback_argentina_gob_ar_feriados-nacionales-2020.html
2020-03-31,Día del Veterano y de los Caídos en la Guerra de Malvinas,inamovible,wayback_argentina_gob_ar_feriados-nacionales-2020.html
2020-04-09,Jueves Santo,no_laborable_general,wayback_argentina_gob_ar_feriados-nacionales-2020.html
2020-04-09,Pascuas Judías,no_laborable_religioso,wayback_argentina_gob_ar_feriados-nacionales-2020.html
2020-04-10,Viernes Santo,inamovible,wayback_argentina_gob_ar_feriados-nacionales-2020.html
2020-04-10,Pascuas Judías,no_laborable_religioso,wayback_argentina_gob_ar_feriados-nacionales-2020.html
2020-04-15,Pascuas Judías,no_laborable_religioso,wayback_argentina_gob_ar_feriados-nacionales-2020.html
2020-04-16,Pascuas Judías,no_laborable_religioso,wayback_argentina_gob_ar_feriados-nacionales-2020.html
2020-04-24,Día de acción por la tolerancia y el respeto entre los pueblos,no_laborable_religioso,wayback_argentina_gob_ar_feriados-nacionales-2020.html
2020-05-01,Día del trabajador,inamovible,wayback_argentina_gob_ar_feriados-nacionales-2020.html
2020-05-24,Fiesta de la Ruptura del Ayuno del Sagrado Mes de Ramadán,no_laborable_religioso,wayback_argentina_gob_ar_feriados-nacionales-2020.html
2020-05-25,Día de la Revolución de Mayo,inamovible,wayback_argentina_gob_ar_feriados-nacionales-2020.html
2020-06-15,Día Paso a la Inmortalidad del General Martín Miguel de Güemes,trasladable,wayback_argentina_gob_ar_feriados-nacionales-2020.html
2020-06-20,Día Paso a la Inmortalidad del General Manuel Belgrano,inamovible,wayback_argentina_gob_ar_feriados-nacionales-2020.html
2020-07-09,Día de la Independencia,inamovible,wayback_argentina_gob_ar_feriados-nacionales-2020.html
2020-07-10,Feriado con Fines Turísticos,turistico,wayback_argentina_gob_ar_feriados-nacionales-2020.html
2020-07-31,Fiesta del Sacrificio,no_laborable_religioso,wayback_argentina_gob_ar_feriados-nacionales-2020.html
2020-08-17,Paso a la Inmortalidad del Gral. José de San Martín,trasladable,wayback_argentina_gob_ar_feriados-nacionales-2020.html
2020-08-20,Año Nuevo Islámico,no_laborable_religioso,wayback_argentina_gob_ar_feriados-nacionales-2020.html
2020-09-19,Año Nuevo Judío,no_laborable_religioso,wayback_argentina_gob_ar_feriados-nacionales-2020.html
2020-09-20,Año Nuevo Judío,no_laborable_religioso,wayback_argentina_gob_ar_feriados-nacionales-2020.html
2020-09-28,Día del Perdón,no_laborable_religioso,wayback_argentina_gob_ar_feriados-nacionales-2020.html
2020-10-12,Día del Respeto a la Diversidad Cultural,trasladable,wayback_argentina_gob_ar_feriados-nacionales-2020.html
2020-11-23,Día de la Soberanía Nacional,trasladable,wayback_argentina_gob_ar_feriados-nacionales-2020.html
2020-12-07,Feriado con Fines Turísticos,turistico,wayback_argentina_gob_ar_feriados-nacionales-2020.html
2020-12-08,Inmaculada Concepción de María,inamovible,wayback_argentina_gob_ar_feriados-nacionales-2020.html
2020-12-25,Navidad,inamovible,wayback_argentina_gob_ar_feriados-nacionales-2020.html
2021-01-01,Año nuevo,inamovible,wayback_argentina_gob_ar_feriados-nacionales-2021.html
2021-02-15,Carnaval,inamovible,wayback_argentina_gob_ar_feriados-nacionales-2021.html
2021-02-16,Carnaval,inamovible,wayback_argentina_gob_ar_feriados-nacionales-2021.html
2021-03-24,Día Nacional de la Memoria por la Verdad y la Justicia,inamovible,wayback_argentina_gob_ar_feriados-nacionales-2021.html
2021-03-28,Pascuas Judías,no_laborable_religioso,wayback_argentina_gob_ar_feriados-nacionales-2021.html
2021-03-29,Pascuas Judías,no_laborable_religioso,wayback_argentina_gob_ar_feriados-nacionales-2021.html
2021-04-01,Jueves Santo Festividad Cristiana,no_laborable_general,wayback_argentina_gob_ar_feriados-nacionales-2021.html
2021-04-02,Día del Veterano y de los Caídos en la Guerra de Malvinas,inamovible,wayback_argentina_gob_ar_feriados-nacionales-2021.html
2021-04-02,Viernes Santo,inamovible,wayback_argentina_gob_ar_feriados-nacionales-2021.html
2021-04-03,Pascuas Judías,no_laborable_religioso,wayback_argentina_gob_ar_feriados-nacionales-2021.html
2021-04-04,Pascuas Judías,no_laborable_religioso,wayback_argentina_gob_ar_feriados-nacionales-2021.html
2021-04-24,Día de acción por la tolerancia y el respeto entre los pueblos,no_laborable_religioso,wayback_argentina_gob_ar_feriados-nacionales-2021.html
2021-05-01,Día del trabajador,inamovible,wayback_argentina_gob_ar_feriados-nacionales-2021.html
2021-05-13,Fiesta de la Ruptura del Ayuno del Sagrado Mes de Ramadán (Id al-Fitr),no_laborable_religioso,wayback_argentina_gob_ar_feriados-nacionales-2021.html
2021-05-24,Feriado con fines turísticos,turistico,wayback_argentina_gob_ar_feriados-nacionales-2021.html
2021-05-25,Día de la Revolución de Mayo,inamovible,wayback_argentina_gob_ar_feriados-nacionales-2021.html
2021-06-20,Día del Paso a la Inmortalidad del General Manuel Belgrano,inamovible,wayback_argentina_gob_ar_feriados-nacionales-2021.html
2021-06-21,Día del Paso a la Inmortalidad del General Martín Miguel de Güemes,trasladable,wayback_argentina_gob_ar_feriados-nacionales-2021.html
2021-07-09,Día de la Independencia,inamovible,wayback_argentina_gob_ar_feriados-nacionales-2021.html
2021-07-20,Fiesta del Sacrificio,no_laborable_religioso,wayback_argentina_gob_ar_feriados-nacionales-2021.html
2021-08-08,Año Nuevo Islámico,no_laborable_religioso,wayback_argentina_gob_ar_feriados-nacionales-2021.html
2021-08-16,Día del Paso a la Inmortalidad del Gral. José de San Martín,trasladable,wayback_argentina_gob_ar_feriados-nacionales-2021.html
2021-09-07,Año Nuevo Judío,no_laborable_religioso,wayback_argentina_gob_ar_feriados-nacionales-2021.html
2021-09-08,Año Nuevo Judío,no_laborable_religioso,wayback_argentina_gob_ar_feriados-nacionales-2021.html
2021-09-16,Día del Perdón,no_laborable_religioso,wayback_argentina_gob_ar_feriados-nacionales-2021.html
2021-10-08,Feriado con fines turísticos,turistico,wayback_argentina_gob_ar_feriados-nacionales-2021.html
2021-10-11,Día del Respeto a la Diversidad Cultural,trasladable,wayback_argentina_gob_ar_feriados-nacionales-2021.html
2021-11-20,Día de la Soberanía Nacional,trasladable,wayback_argentina_gob_ar_feriados-nacionales-2021.html
2021-11-22,Feriado con fines turísticos,turistico,wayback_argentina_gob_ar_feriados-nacionales-2021.html
2021-12-08,Inmaculada Concepción de María,inamovible,wayback_argentina_gob_ar_feriados-nacionales-2021.html
2021-12-25,Navidad,inamovible,wayback_argentina_gob_ar_feriados-nacionales-2021.html
2022-01-01,Año Nuevo,inamovible,wayback_argentina_gob_ar_feriados-nacionales-2022.html
2022-02-28,Carnaval,inamovible,wayback_argentina_gob_ar_feriados-nacionales-2022.html
2022-03-01,Carnaval,inamovible,wayback_argentina_gob_ar_feriados-nacionales-2022.html
2022-03-24,Día Nacional de la Memoria por la Verdad y la Justicia,inamovible,wayback_argentina_gob_ar_feriados-nacionales-2022.html
2022-04-02,Día del Veterano y de los Caídos en la Guerra de Malvinas,inamovible,wayback_argentina_gob_ar_feriados-nacionales-2022.html
2022-04-14,Jueves Santo,no_laborable_general,wayback_argentina_gob_ar_feriados-nacionales-2022.html
2022-04-15,Viernes Santo,inamovible,wayback_argentina_gob_ar_feriados-nacionales-2022.html
2022-04-16,Primeros dos días de la Pascua Judía (b),no_laborable_religioso,wayback_argentina_gob_ar_feriados-nacionales-2022.html
2022-04-17,Primeros dos días de la Pascua Judía (b),no_laborable_religioso,wayback_argentina_gob_ar_feriados-nacionales-2022.html
2022-04-22,Últimos dos días de la Pascua Judía (b),no_laborable_religioso,wayback_argentina_gob_ar_feriados-nacionales-2022.html
2022-04-23,Últimos dos días de la Pascua Judía (b),no_laborable_religioso,wayback_argentina_gob_ar_feriados-nacionales-2022.html
2022-04-24,Día de acción por la tolerancia y el respeto entre los pueblos (a),no_laborable_religioso,wayback_argentina_gob_ar_feriados-nacionales-2022.html
2022-05-01,Día del Trabajador,inamovible,wayback_argentina_gob_ar_feriados-nacionales-2022.html
2022-05-02,Fiesta de la Ruptura del Ayuno del Sagrado Mes de Ramadán (Id al-Fitr) (c),no_laborable_religioso,wayback_argentina_gob_ar_feriados-nacionales-2022.html
2022-05-18,Censo nacional 2022,inamovible,wayback_argentina_gob_ar_feriados-nacionales-2022.html
2022-05-25,Día de la Revolución de Mayo,inamovible,wayback_argentina_gob_ar_feriados-nacionales-2022.html
2022-06-17,Paso a la Inmortalidad del Gral. Don Martín Miguel de Güemes,trasladable,wayback_argentina_gob_ar_feriados-nacionales-2022.html
2022-06-20,Paso a la Inmortalidad del Gral. Manuel Belgrano,inamovible,wayback_argentina_gob_ar_feriados-nacionales-2022.html
2022-07-09,Día de la Independencia ,inamovible,wayback_argentina_gob_ar_feriados-nacionales-2022.html
2022-07-09,Fiesta del Sacrificio (c),no_laborable_religioso,wayback_argentina_gob_ar_feriados-nacionales-2022.html
2022-07-30,Año Nuevo Islámico (c),no_laborable_religioso,wayback_argentina_gob_ar_feriados-nacionales-2022.html
2022-08-15,Paso a la Inmortalidad del Gral. José de San Martín (17/8),trasladable,wayback_argentina_gob_ar_feriados-nacionales-2022.html
2022-09-26,Año Nuevo Judío (b),no_laborable_religioso,wayback_argentina_gob_ar_feriados-nacionales-2022.html
2022-09-27,Año Nuevo Judío (b),no_laborable_religioso,wayback_argentina_gob_ar_feriados-nacionales-2022.html
2022-10-05,Día del Perdón (b),no_laborable_religioso,wayback_argentina_gob_ar_feriados-nacionales-2022.html
2022-10-07,Feriado con fines turísticos,turistico,wayback_argentina_gob_ar_feriados-nacionales-2022.html
2022-10-10,Día del Respeto a la Diversidad Cultural (12/10),trasladable,wayback_argentina_gob_ar_feriados-nacionales-2022.html
2022-11-20,Día de la Soberanía Nacional,trasladable,wayback_argentina_gob_ar_feriados-nacionales-2022.html
2022-11-21,Feriado con fines turísticos,turistico,wayback_argentina_gob_ar_feriados-nacionales-2022.html
2022-12-08,Inmaculada Concepción de María,inamovible,wayback_argentina_gob_ar_feriados-nacionales-2022.html
2022-12-09,Feriado con fines turísticos,turistico,wayback_argentina_gob_ar_feriados-nacionales-2022.html
2022-12-20,Feriado nacional (celebración Copa Mundial FIFA),decreto_extraordinario,boletinoficial_gob_ar_Decreto-842-2022_feriado_20dic2022.html
2022-12-25,Navidad,inamovible,wayback_argentina_gob_ar_feriados-nacionales-2022.html
2023-01-01,Año Nuevo,inamovible,wayback_argentina_gob_ar_feriados-nacionales-2023.html
2023-02-20,Carnaval,inamovible,wayback_argentina_gob_ar_feriados-nacionales-2023.html
2023-02-21,Carnaval,inamovible,wayback_argentina_gob_ar_feriados-nacionales-2023.html
2023-03-24,Día Nacional de la Memoria por la Verdad y la Justicia,inamovible,wayback_argentina_gob_ar_feriados-nacionales-2023.html
2023-04-02,Día del Veterano y de los Caídos en la Guerra de Malvinas,inamovible,wayback_argentina_gob_ar_feriados-nacionales-2023.html
2023-04-06,Jueves Santo Festividad Cristiana,no_laborable_general,wayback_argentina_gob_ar_feriados-nacionales-2023.html
2023-04-06,Primeros dos días de la Pascua Judía (b),no_laborable_religioso,wayback_argentina_gob_ar_feriados-nacionales-2023.html
2023-04-07,Viernes Santo Festividad Cristiana,inamovible,wayback_argentina_gob_ar_feriados-nacionales-2023.html
2023-04-07,Primeros dos días de la Pascua Judía (b),no_laborable_religioso,wayback_argentina_gob_ar_feriados-nacionales-2023.html
2023-04-12,Últimos dos días de la Pascua Judía (b),no_laborable_religioso,wayback_argentina_gob_ar_feriados-nacionales-2023.html
2023-04-13,Últimos dos días de la Pascua Judía (b),no_laborable_religioso,wayback_argentina_gob_ar_feriados-nacionales-2023.html
2023-04-21,Fiesta de la Ruptura del Ayuno del Sagrado Mes de Ramadán (Id al-Fitr) (c),no_laborable_religioso,wayback_argentina_gob_ar_feriados-nacionales-2023.html
2023-04-24,Día de acción por la tolerancia y el respeto entre los pueblos (a),no_laborable_religioso,wayback_argentina_gob_ar_feriados-nacionales-2023.html
2023-05-01,Día del Trabajador,inamovible,wayback_argentina_gob_ar_feriados-nacionales-2023.html
2023-05-25,Día de la Revolución de Mayo,inamovible,wayback_argentina_gob_ar_feriados-nacionales-2023.html
2023-05-26,Feriado con fines turísticos,turistico,wayback_argentina_gob_ar_feriados-nacionales-2023.html
2023-06-17,Paso a la Inmortalidad del Gral. Don Martín Miguel de Güemes,trasladable,wayback_argentina_gob_ar_feriados-nacionales-2023.html
2023-06-19,Feriado con fines turísticos,turistico,wayback_argentina_gob_ar_feriados-nacionales-2023.html
2023-06-20,Paso a la Inmortalidad del Gral. Manuel Belgrano,inamovible,wayback_argentina_gob_ar_feriados-nacionales-2023.html
2023-06-28,Fiesta del Sacrificio (c),no_laborable_religioso,wayback_argentina_gob_ar_feriados-nacionales-2023.html
2023-07-09,Día de la Independencia ,inamovible,wayback_argentina_gob_ar_feriados-nacionales-2023.html
2023-07-19,Año Nuevo Islámico (c),no_laborable_religioso,wayback_argentina_gob_ar_feriados-nacionales-2023.html
2023-08-21,Paso a la Inmortalidad del Gral. José de San Martín (17/8),trasladable,wayback_argentina_gob_ar_feriados-nacionales-2023.html
2023-09-16,Año Nuevo Judío (b),no_laborable_religioso,wayback_argentina_gob_ar_feriados-nacionales-2023.html
2023-09-17,Año Nuevo Judío (b),no_laborable_religioso,wayback_argentina_gob_ar_feriados-nacionales-2023.html
2023-09-25,Día del Perdón (b),no_laborable_religioso,wayback_argentina_gob_ar_feriados-nacionales-2023.html
2023-10-13,Feriado con fines turísticos,turistico,wayback_argentina_gob_ar_feriados-nacionales-2023.html
2023-10-16,Día del Respeto a la Diversidad Cultural (12/10),trasladable,wayback_argentina_gob_ar_feriados-nacionales-2023.html
2023-11-20,Día de la Soberanía Nacional,trasladable,wayback_argentina_gob_ar_feriados-nacionales-2023.html
2023-12-08,Inmaculada Concepción de María,inamovible,wayback_argentina_gob_ar_feriados-nacionales-2023.html
2023-12-25,Navidad,inamovible,wayback_argentina_gob_ar_feriados-nacionales-2023.html
