dataset,url,file,bytes,sha256
ecobici_trips,https://cdn.buenosaires.gob.ar/datosabiertos/datasets/transporte-y-obras-publicas/bicicletas-publicas/recorridos-realizados-2019.zip,ecobici_trips/recorridos-realizados-2019.zip,397596257,0793f066e3def707d6e0031dee64d696f0c64ffa9645825f2a1421322e2f7e3e
ecobici_trips,https://cdn.buenosaires.gob.ar/datosabiertos/datasets/transporte-y-obras-publicas/bicicletas-publicas/recorridos-realizados-2020.zip,ecobici_trips/recorridos-realizados-2020.zip,136572510,c9f33ce351798586617cd47f16ff62b3945e42e52a1749b75ce159e422283415
ecobici_trips,https://cdn.buenosaires.gob.ar/datosabiertos/datasets/transporte-y-obras-publicas/bicicletas-publicas/recorridos-realizados-2021.zip,ecobici_trips/recorridos-realizados-2021.zip,154550804,ff5402395399aec764b884a2a3c20a365b449d64ed0877e55a492ff6179767ec
ecobici_trips,https://cdn.buenosaires.gob.ar/datosabiertos/datasets/transporte-y-obras-publicas/bicicletas-publicas/recorridos-realizados-2022.zip,ecobici_trips/recorridos-realizados-2022.zip,167117619,e07cce3ea391c5c8a9f4e92a2a391010816b2cf0e0b4f2d0d579d5c0072d344a
ecobici_trips,https://cdn.buenosaires.gob.ar/datosabiertos/datasets/transporte-y-obras-publicas/bicicletas-publicas/recorridos-realizados-2023.zip,ecobici_trips/recorridos-realizados-2023.zip,150364687,88d39895a3c6466d5ac257834a34ba74393ea62da652b65ee25446f545b23853
ecobici_users,https://cdn.buenosaires.gob.ar/datosabiertos/datasets/transporte-y-obras-publicas/bicicletas-publicas/usuarios_ecobici_2019.csv,users/usuarios_ecobici_2019.csv,3552702,393bf05eb8e39cb40acd0e3846d6bf49ba8bb613ca8602b48ecbd8193502a88f
ecobici_users,https://cdn.buenosaires.gob.ar/datosabiertos/datasets/transporte-y-obras-publicas/bicicletas-publicas/usuarios_ecobici_2020.csv,users/usuarios_ecobici_2020.csv,5328214,a2aef93603a947f05c0c99ca499266fd16d69244f987ae0ba88a9dccbb808de4
ecobici_users,https://cdn.buenosaires.gob.ar/datosabiertos/datasets/transporte-y-obras-publicas/bicicletas-publicas/usuarios_ecobici_2021.csv,users/usuarios_ecobici_2021.csv,4075603,60aa476733181b7198be16fe0249ca6f24fc17adf472af55770e735f9b91b7ff
ecobici_users,https://cdn.buenosaires.gob.ar/datosabiertos/datasets/transporte-y-obras-publicas/bicicletas-publicas/usuarios_ecobici_2022.csv,users/usuarios_ecobici_2022.csv,5285537,88761b5fc091dc946f5229f76b5246cfaf59e29126c575508461afdabb6b4d0d
ecobici_users,https://cdn.buenosaires.gob.ar/datosabiertos/datasets/transporte-y-obras-publicas/bicicletas-publicas/usuarios_ecobici_2023.csv,users/usuarios_ecobici_2023.csv,6995877,cd40991ff07534d7eab2f31d0ef5c6d45e10be1b6fbbcacb3f442de117bb2a05
ecobici_users,https://cdn.buenosaires.gob.ar/datosabiertos/datasets/transporte-y-obras-publicas/bicicletas-publicas/usuarios-ecobici-2015.csv,users/usuarios-ecobici-2015.csv,1341142,0ddaee350e7baa157179ddaec42fbfb4b264747dab4bce9017a85111123315e0
ecobici_users,https://cdn.buenosaires.gob.ar/datosabiertos/datasets/transporte-y-obras-publicas/bicicletas-publicas/usuarios-ecobici-2016.csv,users/usuarios-ecobici-2016.csv,1316321,6627f2deef10d6e11c14a952940cdfd12ba3544383d9c5ebba2d03182e2e7674
ecobici_users,https://cdn.buenosaires.gob.ar/datosabiertos/datasets/transporte-y-obras-publicas/bicicletas-publicas/usuarios-ecobici-2017.csv,users/usuarios-ecobici-2017.csv,1941569,60fc3d4e031a08f2a2f38a71759c62e7d8482b77ee27882f5cdf520611c8da0f
ecobici_users,https://cdn.buenosaires.gob.ar/datosabiertos/datasets/transporte-y-obras-publicas/bicicletas-publicas/usuarios-ecobici-2018.csv,users/usuarios-ecobici-2018.csv,1854080,a4d437d5c9b7b0877ac97d384a6f9cae2089dbbb350c42fd46ca4b0772910824
ecobici_stations,https://cdn.buenosaires.gob.ar/datosabiertos/datasets/transporte-y-obras-publicas/estaciones-bicicletas-publicas/nuevas-estaciones-bicicletas-publicas.geojson,stations/nuevas-estaciones-bicicletas-publicas.geojson,163772,942b010e48983d70d1f55f74820260c79645578c759f11a1958c73256ddba002
subte_molinetes,https://cdn.buenosaires.gob.ar/datosabiertos/datasets/sbase/subte-viajes-molinetes/molinetes-2021.zip,public_transport/molinetes-2021.zip,51803334,d7cb7e4bedfdb58eae236c575c74c7dfc3f3ce93426d2d865656d60451bd4bbd
google_mobility,https://www.gstatic.com/covid19/mobility/Region_Mobility_Report_CSVs.zip,mobility/Region_Mobility_Report_CSVs.zip,98167694,303a1d7ba631c1e66b5c0ff7e1f7b29a121c717d7e040b0e39664f5de2059447
holidays,http://web.archive.org/web/20191231id_/https://www.argentina.gob.ar/interior/feriados-nacionales-2019,holidays/wayback_argentina_gob_ar_feriados-nacionales-2019.html,51708,bde75a17db890ed5a999ceb9ceb252ef62785e4a2f419c06caea30217d98abee
holidays,http://web.archive.org/web/20201231id_/https://www.argentina.gob.ar/interior/feriados-nacionales-2020,holidays/wayback_argentina_gob_ar_feriados-nacionales-2020.html,9803,c80e07a7fe23aec4864da0edcc65c10cc97755c7a59b48cf0f844701d7aec64f
holidays,http://web.archive.org/web/20211231id_/https://www.argentina.gob.ar/interior/feriados-nacionales-2021,holidays/wayback_argentina_gob_ar_feriados-nacionales-2021.html,54382,0bcd2ada2c824bd7ba85ae6f5640947a8e0141b2497ad953e8500cd4ebd74284
holidays,http://web.archive.org/web/20221231id_/https://www.argentina.gob.ar/interior/feriados-nacionales-2022,holidays/wayback_argentina_gob_ar_feriados-nacionales-2022.html,35247,ee56a4d5f2bfff6342cdac4f9d27b5196fa435ac242b6e609be11e6f2281706f
holidays,http://web.archive.org/web/20231231id_/https://www.argentina.gob.ar/interior/feriados-nacionales-2023,holidays/wayback_argentina_gob_ar_feriados-nacionales-2023.html,32597,5b5aaacd80d56062f01eaecc4bdddfbcfec8c8f592e557a6aee92454499f329b
holidays,https://www.boletinoficial.gob.ar/detalleAviso/primera/278039/20221220,holidays/boletinoficial_gob_ar_Decreto-842-2022_feriado_20dic2022.html,55987,2ea7e26f12d1c2f6920fe3de97b275b472f52095aa2a7520cba757b0a7ee7a22
caba_perimetro,https://cdn.buenosaires.gob.ar/datosabiertos/datasets/ministerio-de-educacion/perimetro/perimetro.geojson,geography/perimetro.geojson,597556,971805b9c9aabcd5dc253c5fc6c52a30679b0c228fe23305cfd92832b9f7f8a5
caba_comunas,https://cdn.buenosaires.gob.ar/datosabiertos/datasets/ministerio-de-educacion/comunas/comunas.geojson,geography/comunas.geojson,584528,c128dadf5b8a3c43c68cad4dacd8c0995d774b93060a785b156861bcb9de062e
caba_subte_estaciones,https://cdn.buenosaires.gob.ar/datosabiertos/datasets/sbase/subte-estaciones/estaciones-de-subte.geojson,geography/estaciones_de_subte.geojson,17262,7d3c97eb8f123af8cfd78c3f5ffe3031dc4988650f8010deb45298cc7311db4d
caba_ferrocarril_estaciones,https://cdn.buenosaires.gob.ar/datosabiertos/datasets/transporte-y-obras-publicas/estaciones-ferrocarril/estaciones_ferroviarias.geojson,geography/estaciones_ferroviarias.geojson,97153,aaec67421815b952aa1a09bb55d3403f700b93da7965616c72575666a2bba4ca
weather,https://www.smn.gob.ar/descarga-de-datos (manual download by the authors; no stable direct link),weather/smn_datos_meteorologicos_1991_2020.rar,69961900,88835c6b1f6b1c21454e5e628a30613c2d8fc2eae5195bc1010527e4a49ca0c1
weather,https://www.smn.gob.ar/descarga-de-datos (manual download by the authors; no stable direct link),weather/Datos-diarios-2021-2026-01102026.zip,3744392,acd64c8ba7f36639c57f0c53c1d18af33310ae8891bf7dbd0217787eed2124b2
