sample,week,estimate,se,ci_lo,ci_hi
A,-8,-.11480197,.022607911,-.1591134794056416,-.0704904668033123
A,-7,-.094627865,.02669064,-.1469415181875229,-.0423142111301422
A,-6,-.64340568,.069692165,-.7800023186206817,-.5068090331554414
A,-5,.053865071,.023350336,.0080984134972096,.0996317292749882
A,-4,-.30951133,.037799586,-.3835985215008259,-.2354241459071636
A,-3,.059611186,.037479173,-.0138479934632778,.1330703662335873
A,-2,-.080344424,.023946945,-.127280435115099,-.0334084121882915
A,-1,0,,,
A,0,-1.2077736,.050701264,-1.307148044258356,-1.108399088233709
A,1,-1.1075068,.11083788,-1.324748990535736,-.8902645134925842
A,2,-1.1453388,.032803938,-1.209634491801262,-1.081043055653572
A,3,-.92032182,.06695988,-1.051563187539577,-.7890804567933083
A,4,-1.5227919,.066892438,-1.653901040256024,-1.391682684719563
A,5,-.74115479,.056467764,-.8518316075205803,-.6304779723286629
A,6,-.90482271,.020245522,-.9445039308071137,-.8651414835453033
A,7,-.59286112,.037274484,-.6659191037714481,-.5198031280934811
B,-8,-.11480197,.023540508,-.1609413687884808,-.0686625774204731
B,-7,-.094627865,.03058552,-.1545754837989807,-.0346802455186844
B,-6,-.64340568,.070329525,-.7812515440583229,-.5055598077178002
B,-5,.053865071,.027440408,.0000818712264299,.1076482715457678
B,-3,.059611186,.039913736,-.0186197367310524,.1378421095013618
B,-2,-.080344424,.027967699,-.1351611134409904,-.0255277338624001
B,-1,0,,,
B,0,-1.2251557,.063666508,-1.349942066073418,-1.100369356274605
B,1,-1.1075068,.1077054,-1.318609334826469,-.896404169201851
B,2,-1.1453388,.033655275,-1.211303112059832,-1.079374435395002
B,4,-1.5227919,.063855886,-1.64794939994812,-1.397634325027466
B,5,-.74115479,.060890563,-.8605002930760384,-.6218092867732048
B,6,-.90482271,.023441246,-.9507675489038229,-.8588778654485941
B,7,-.58643603,.054081645,-.6924360571801662,-.4804360093176365
C,-8,-.11480197,.022671241,-.1592376060783863,-.0703663401305676
C,-7,-.094627865,.027522419,-.1485718052089214,-.0406839241087437
C,-6,-.64340568,.069682062,-.7799825167655945,-.5068288350105286
C,-5,.053865071,.024233453,.0063675035536289,.1013626392185688
C,-3,.059611186,.037935194,-.0147417931258678,.1339641658961773
C,-2,-.080344424,.024811629,-.1289752168953419,-.0317136304080486
C,-1,0,,,
C,0,-1.211921,.051741816,-1.313334936201573,-1.110507017076015
C,1,-1.1075068,.10991479,-1.322939734756947,-.8920737692713737
C,2,-1.1453388,.032807004,-1.209640500992537,-1.081037046462297
C,3,-.92032182,.067486681,-1.052595717012882,-.7880479273200035
C,4,-1.5227919,.066019535,-1.6521901512146,-1.393393573760986
C,5,-.74115479,.057407007,-.8536725229024887,-.6286370569467544
C,6,-.90482271,.020883819,-.9457549925893545,-.8638904217630625
C,7,-.59286112,.035846785,-.6631208139657974,-.5226014178991318
D,-8,-.11480197,.024455301,-.1627343639731407,-.0668695822358131
D,-7,-.094627865,.025750682,-.1450992009043693,-.0441565284132957
D,-6,-.61774457,.085771784,-.7858572620153427,-.4496318680047989
D,-5,.051832255,.022272201,.008178740516305,.0954857694357634
D,-4,-.30320114,.029083712,-.3602052145451307,-.2461970634013415
D,-3,.0028955992,.044863723,-.0850372982770205,.0908284967392683
D,-2,-.080344424,.021259686,-.1220134081691504,-.0386754391342402
D,-1,0,,,
D,0,-1.1875325,.061906602,-1.308869484513998,-1.066195603758097
D,1,-1.4022661,.083177023,-1.565293109118938,-1.239239180386067
D,2,-1.1549382,.036033887,-1.225564640313387,-1.08431180164218
D,3,-.94393796,.061502934,-1.064483706951141,-.8233922076225281
D,4,-1.2220869,.05561069,-1.331083859354258,-1.113089953511953
D,5,-.73942292,.056162652,-.8495017145574093,-.6293441201746464
D,6,-.90482271,.019096287,-.9422514296323061,-.8673939847201109
D,7,-.63420463,.033700224,-.7002570651471615,-.5681521870195866
E,-8,-.11160455,.03401478,-.1782735179364681,-.0449355800449848
E,-7,-.17829463,.063942581,-.303622088432312,-.0529671692848206
E,-6,-.26525861,.17779444,-.6137357157468796,.0832184952497482
E,-5,-.24003606,.080743544,-.3982934013009071,-.081778709590435
E,-4,-.11435471,.089413732,-.2896056300401688,.0608962005376816
E,-3,.171261,.063794248,.0462242719531059,.2962977233529091
E,-2,-.11843331,.042049445,-.2008502241969108,-.0360163989663124
E,-1,0,,,
E,0,-1.4800551,.093068421,-1.662469198703766,-1.297640988826752
E,1,-1.0963764,.06970685,-1.233001844584942,-.9597509935498237
E,2,-1.2019358,.044394229,-1.288948456197977,-1.114923080056906
E,3,-1.061747,.059062712,-1.177509870231152,-.9459840396046638
E,4,-1.2469007,.10896792,-1.460477806031704,-1.033323549330235
E,5,-.78091657,.072999723,-.9239960291981697,-.6378371140360832
E,6,-.87625057,.043169111,-.9608620226383209,-.7916391074657441
E,7,-.80743247,.10211626,-1.007580336332321,-.607284609079361
F,-1,0,,,
F,0,-1.2353224,.071444251,-1.375353087484837,-1.095291624963284
F,1,-1.1063017,.10118423,-1.304622749388218,-.9079805812239647
F,2,-1.1246754,.036648441,-1.196506337672472,-1.052844448536634
F,3,-.92032182,.065573432,-1.048845748007298,-.7917978963255883
F,4,-1.5227919,.06243537,-1.645165187567472,-1.400418537408114
F,5,-.74115479,.065033793,-.8686210250854493,-.6136885547637939
F,6,-.90482271,.025587335,-.9549738842248917,-.8546715301275253
F,7,-.59286112,.036188956,-.6637914703786373,-.5219307614862919
