variant,framework,target,breakdown
calendar,level_max,1,1.0
calendar,level_max,2,1.0
calendar,level_max,3,1.0
calendar,level_max,4,1.0
calendar,level_max,5,1.0
calendar,level_mean,1,$\geq$3.0
calendar,level_mean,2,$\geq$3.0
calendar,level_mean,3,$\geq$3.0
calendar,level_mean,4,$\geq$3.0
calendar,level_mean,5,$\geq$3.0
calendar,rm,1,1.0
calendar,rm,2,0.5
calendar,rm,3,0.5
calendar,rm,4,0.5
calendar,rm,5,$<$0.5
weather,level_max,1,2.0
weather,level_max,2,1.5
weather,level_max,3,1.5
weather,level_max,4,1.5
weather,level_max,5,1.5
weather,level_mean,1,$\geq$3.0
weather,level_mean,2,$\geq$3.0
weather,level_mean,3,$\geq$3.0
weather,level_mean,4,$\geq$3.0
weather,level_mean,5,$\geq$3.0
weather,rm,1,$\geq$3.0
weather,rm,2,1.0
weather,rm,3,1.5
weather,rm,4,1.0
weather,rm,5,$<$0.5
wxint,rm,1,1.5
wxint,rm,2,0.5
wxint,rm,3,1.0
wxint,rm,4,0.5
wxint,rm,5,$<$0.5
