variant,framework,target,mbar,estimate,lb,ub,truncated,df,excludes_zero
calendar,baseline,1,0,-1.2077736,-1.3071481,-1.1083992,0,69,1
calendar,rm,1,.5,,-1.65,-.75999999,0,69,1
calendar,rm,1,1,,-2.04,-.37,0,69,1
calendar,rm,1,1.5,,-2.4400001,.02,0,69,0
calendar,rm,1,2,,-2.8399999,.41999999,0,69,0
calendar,rm,1,2.5,,-3.24,.82999998,0,69,0
calendar,rm,1,3,,-3.6400001,1.23,0,69,0
calendar,baseline,2,0,-1.1075068,-1.324749,-.89026451,0,69,1
calendar,rm,2,.5,,-1.99,-.22,0,69,1
calendar,rm,2,1,,-2.77,.56,0,69,0
calendar,rm,2,1.5,,-3.5799999,1.37,0,69,0
calendar,rm,2,2,,-4.3600001,2.1500001,0,69,0
calendar,rm,2,2.5,,-5.1700001,2.96,0,69,0
calendar,rm,2,3,,-5.98,3.77,0,69,0
calendar,baseline,3,0,-1.1576402,-1.2828748,-1.0324055,0,69,1
calendar,rm,3,.5,,-1.8099999,-.51999998,0,69,1
calendar,rm,3,1,,-2.3800001,.079999998,0,69,0
calendar,rm,3,1.5,,-2.98,.68000001,0,69,0
calendar,rm,3,2,,-3.5799999,1.28,0,69,0
calendar,rm,3,2.5,,-4.1799998,1.88,0,69,0
calendar,rm,3,3,,-4.8099999,2.48,0,69,0
calendar,baseline,4,0,-1.0952352,-1.1672013,-1.0232692,0,69,1
calendar,rm,4,.5,,-2.1099999,-.07,0,69,1
calendar,rm,4,1,,-3.1300001,.92000002,0,69,0
calendar,rm,4,1.5,,-4.1199999,1.9400001,0,69,0
calendar,rm,4,2,,-5.1399999,2.96,0,69,0
calendar,rm,4,2.5,,-6.1599998,3.95,0,69,0
calendar,rm,4,3,,-7.1500001,4.9699998,0,69,0
calendar,baseline,5,0,-1.0178214,-1.0668664,-.96877646,0,69,1
calendar,rm,5,.5,,-2.8,.80000001,0,69,0
calendar,rm,5,1,,-4.5999999,2.5999999,0,69,0
calendar,rm,5,1.5,,-6.4899998,4.4000001,0,69,0
calendar,rm,5,2,,-8.29,6.1999998,0,69,0
calendar,rm,5,2.5,,-10.09,8.0900002,0,69,0
calendar,rm,5,3,,-11.89,9.8900003,0,69,0
calendar,level_mean,1,.5,-1.2077736,-1.4204692,-.99507797,0,69,1
calendar,level_mean,1,1,-1.2077736,-1.5337902,-.8817569,0,69,1
calendar,level_mean,1,1.5,-1.2077736,-1.6471113,-.76843578,0,69,1
calendar,level_mean,1,2,-1.2077736,-1.7604325,-.65511471,0,69,1
calendar,level_mean,1,2.5,-1.2077736,-1.8737535,-.54179358,0,69,1
calendar,level_mean,1,3,-1.2077736,-1.9870746,-.42847252,0,69,1
calendar,level_max,1,.5,-1.2077736,-1.6968212,-.71872598,0,69,1
calendar,level_max,1,1,-1.2077736,-2.0864942,-.32905284,0,69,1
calendar,level_max,1,1.5,-1.2077736,-2.4761674,.060620304,0,69,0
calendar,level_max,1,2,-1.2077736,-2.8658407,.45029342,0,69,0
calendar,level_max,1,2.5,-1.2077736,-3.2555137,.8399666,0,69,0
calendar,level_max,1,3,-1.2077736,-3.6451869,1.2296396,0,69,0
calendar,level_mean,2,.5,-1.1075068,-1.4380701,-.77694345,0,69,1
calendar,level_mean,2,1,-1.1075068,-1.5513911,-.66362232,0,69,1
calendar,level_mean,2,1.5,-1.1075068,-1.6647123,-.55030125,0,69,1
calendar,level_mean,2,2,-1.1075068,-1.7780334,-.43698013,0,69,1
calendar,level_mean,2,2.5,-1.1075068,-1.8913544,-.32365903,0,69,1
calendar,level_mean,2,3,-1.1075068,-2.0046756,-.21033794,0,69,1
calendar,level_max,2,.5,-1.1075068,-1.7144221,-.5005914,0,69,1
calendar,level_max,2,1,-1.1075068,-2.1040952,-.11091825,0,69,1
calendar,level_max,2,1.5,-1.1075068,-2.4937685,.27875489,0,69,0
calendar,level_max,2,2,-1.1075068,-2.8834414,.668428,0,69,0
calendar,level_max,2,2.5,-1.1075068,-3.2731147,1.0581012,0,69,0
calendar,level_max,2,3,-1.1075068,-3.6627877,1.4477743,0,69,0
calendar,level_mean,3,.5,-1.1576402,-1.396196,-.91908437,0,69,1
calendar,level_mean,3,1,-1.1576402,-1.5095171,-.80576324,0,69,1
calendar,level_mean,3,1.5,-1.1576402,-1.6228381,-.69244218,0,69,1
calendar,level_mean,3,2,-1.1576402,-1.7361593,-.57912105,0,69,1
calendar,level_mean,3,2.5,-1.1576402,-1.8494804,-.46579996,0,69,1
calendar,level_mean,3,3,-1.1576402,-1.9628015,-.35247886,0,69,1
calendar,level_max,3,.5,-1.1576402,-1.6725481,-.64273232,0,69,1
calendar,level_max,3,1,-1.1576402,-2.0622211,-.25305918,0,69,1
calendar,level_max,3,1.5,-1.1576402,-2.4518943,.13661395,0,69,0
calendar,level_max,3,2,-1.1576402,-2.8415675,.52628708,0,69,0
calendar,level_max,3,2.5,-1.1576402,-3.2312405,.91596019,0,69,0
calendar,level_max,3,3,-1.1576402,-3.6209137,1.3056333,0,69,0
calendar,level_mean,4,.5,-1.0952352,-1.2805223,-.90994811,0,69,1
calendar,level_mean,4,1,-1.0952352,-1.3938434,-.79662704,0,69,1
calendar,level_mean,4,1.5,-1.0952352,-1.5071645,-.68330592,0,69,1
calendar,level_mean,4,2,-1.0952352,-1.6204857,-.56998485,0,69,1
calendar,level_mean,4,2.5,-1.0952352,-1.7338067,-.45666376,0,69,1
calendar,level_mean,4,3,-1.0952352,-1.8471278,-.34334266,0,69,1
calendar,level_max,4,.5,-1.0952352,-1.5568744,-.63359612,0,69,1
calendar,level_max,4,1,-1.0952352,-1.9465475,-.24392298,0,69,1
calendar,level_max,4,1.5,-1.0952352,-2.3362207,.14575016,0,69,0
calendar,level_max,4,2,-1.0952352,-2.7258937,.53542328,0,69,0
calendar,level_max,4,2.5,-1.0952352,-3.115567,.92509645,0,69,0
calendar,level_max,4,3,-1.0952352,-3.50524,1.3147695,0,69,0
calendar,level_mean,5,.5,-1.0178214,-1.1801875,-.8554554,0,69,1
calendar,level_mean,5,1,-1.0178214,-1.2935085,-.74213427,0,69,1
calendar,level_mean,5,1.5,-1.0178214,-1.4068297,-.62881321,0,69,1
calendar,level_mean,5,2,-1.0178214,-1.5201508,-.51549208,0,69,1
calendar,level_mean,5,2.5,-1.0178214,-1.6334718,-.40217099,0,69,1
calendar,level_mean,5,3,-1.0178214,-1.746793,-.28884989,0,69,1
calendar,level_max,5,.5,-1.0178214,-1.4565395,-.57910335,0,69,1
calendar,level_max,5,1,-1.0178214,-1.8462126,-.18943021,0,69,1
calendar,level_max,5,1.5,-1.0178214,-2.2358859,.20024292,0,69,0
calendar,level_max,5,2,-1.0178214,-2.6255589,.58991605,0,69,0
calendar,level_max,5,2.5,-1.0178214,-3.0152321,.97958916,0,69,0
calendar,level_max,5,3,-1.0178214,-3.4049051,1.3692623,0,69,0
weather,baseline,1,0,-1.1877254,-1.315591,-1.0598598,0,63,1
weather,rm,1,.5,,-1.51,-.79000002,0,63,1
weather,rm,1,1,,-1.8099999,-.47999999,0,63,1
weather,rm,1,1.5,,-2.1300001,-.16,0,63,1
weather,rm,1,2,,-2.4400001,.16,0,63,0
weather,rm,1,2.5,,-2.77,.47999999,0,63,0
weather,rm,1,3,,-3.0899999,.80000001,0,63,0
weather,baseline,2,0,-1.1972623,-1.3234097,-1.0711149,0,63,1
weather,rm,2,.5,,-1.84,-.51999998,0,63,1
weather,rm,2,1,,-2.47,.11,0,63,0
weather,rm,2,1.5,,-3.1300001,.74000001,0,63,0
weather,rm,2,2,,-3.76,1.4,0,63,0
weather,rm,2,2.5,,-4.4200001,2.03,0,63,0
weather,rm,2,3,,-5.0500002,2.6900001,0,63,0
weather,baseline,3,0,-1.1924938,-1.2967592,-1.0882285,0,63,1
weather,rm,3,.5,,-1.66,-.67000002,0,63,1
weather,rm,3,1,,-2.1400001,-.19,0,63,1
weather,rm,3,1.5,,-2.6199999,.28999999,0,63,0
weather,rm,3,2,,-3.0999999,.76999998,0,63,0
weather,rm,3,2.5,,-3.5799999,1.25,0,63,0
weather,rm,3,3,,-4.0599999,1.73,0,63,0
weather,baseline,4,0,-1.129745,-1.2075858,-1.0519042,0,63,1
weather,rm,4,.5,,-1.9299999,-.31,0,63,1
weather,rm,4,1,,-2.74,.47,0,63,0
weather,rm,4,1.5,,-3.52,1.28,0,63,0
weather,rm,4,2,,-4.3299999,2.0899999,0,63,0
weather,rm,4,2.5,,-5.1399999,2.9000001,0,63,0
weather,rm,4,3,,-5.9499998,3.71,0,63,0
weather,baseline,5,0,-1.0053377,-1.0869721,-.92370331,0,63,1
weather,rm,5,.5,,-2.47,.44,0,63,0
weather,rm,5,1,,-3.9100001,1.88,0,63,0
weather,rm,5,1.5,,-5.3499999,3.3199999,0,63,0
weather,rm,5,2,,-6.79,4.79,0,63,0
weather,rm,5,2.5,,-8.2600002,6.23,0,63,0
weather,rm,5,3,,-9.6999998,7.6999998,0,63,0
weather,level_mean,1,.5,-1.1877254,-1.4189507,-.95650011,0,63,1
weather,level_mean,1,1,-1.1877254,-1.5223104,-.85314047,0,63,1
weather,level_mean,1,1.5,-1.1877254,-1.62567,-.74978077,0,63,1
weather,level_mean,1,2,-1.1877254,-1.7290297,-.64642113,0,63,1
weather,level_mean,1,2.5,-1.1877254,-1.8323894,-.54306144,0,63,1
weather,level_mean,1,3,-1.1877254,-1.9357491,-.4397018,0,63,1
weather,level_max,1,.5,-1.1877254,-1.6222289,-.75322199,0,63,1
weather,level_max,1,1,-1.1877254,-1.9288667,-.44658414,0,63,1
weather,level_max,1,1.5,-1.1877254,-2.2355046,-.13994628,0,63,1
weather,level_max,1,2,-1.1877254,-2.5421424,.16669156,0,63,0
weather,level_max,1,2.5,-1.1877254,-2.8487802,.4733294,0,63,0
weather,level_max,1,3,-1.1877254,-3.1554182,.77996725,0,63,0
weather,level_mean,2,.5,-1.1972623,-1.4267694,-.96775526,0,63,1
weather,level_mean,2,1,-1.1972623,-1.5301291,-.86439556,0,63,1
weather,level_mean,2,1.5,-1.1972623,-1.6334887,-.76103586,0,63,1
weather,level_mean,2,2,-1.1972623,-1.7368484,-.65767622,0,63,1
weather,level_mean,2,2.5,-1.1972623,-1.8402081,-.55431652,0,63,1
weather,level_mean,2,3,-1.1972623,-1.9435678,-.45095688,0,63,1
weather,level_max,2,.5,-1.1972623,-1.6300476,-.76447707,0,63,1
weather,level_max,2,1,-1.1972623,-1.9366853,-.45783922,0,63,1
weather,level_max,2,1.5,-1.1972623,-2.2433233,-.15120138,0,63,1
weather,level_max,2,2,-1.1972623,-2.5499611,.15543646,0,63,0
weather,level_max,2,2.5,-1.1972623,-2.8565989,.46207431,0,63,0
weather,level_max,2,3,-1.1972623,-3.1632366,.76871216,0,63,0
weather,level_mean,3,.5,-1.1924938,-1.4001188,-.98486882,0,63,1
weather,level_mean,3,1,-1.1924938,-1.5034785,-.88150918,0,63,1
weather,level_mean,3,1.5,-1.1924938,-1.6068382,-.77814949,0,63,1
weather,level_mean,3,2,-1.1924938,-1.7101979,-.67478985,0,63,1
weather,level_mean,3,2.5,-1.1924938,-1.8135575,-.57143015,0,63,1
weather,level_mean,3,3,-1.1924938,-1.9169172,-.46807048,0,63,1
weather,level_max,3,.5,-1.1924938,-1.603397,-.78159064,0,63,1
weather,level_max,3,1,-1.1924938,-1.9100349,-.47495282,0,63,1
weather,level_max,3,1.5,-1.1924938,-2.2166727,-.16831499,0,63,1
weather,level_max,3,2,-1.1924938,-2.5233107,.13832285,0,63,0
weather,level_max,3,2.5,-1.1924938,-2.8299484,.44496068,0,63,0
weather,level_max,3,3,-1.1924938,-3.1365862,.75159854,0,63,0
weather,level_mean,4,.5,-1.129745,-1.3109454,-.94854456,0,63,1
weather,level_mean,4,1,-1.129745,-1.4143051,-.84518486,0,63,1
weather,level_mean,4,1.5,-1.129745,-1.5176648,-.74182522,0,63,1
weather,level_mean,4,2,-1.129745,-1.6210245,-.63846552,0,63,1
weather,level_mean,4,2.5,-1.129745,-1.7243841,-.53510588,0,63,1
weather,level_mean,4,3,-1.129745,-1.8277438,-.43174621,0,63,1
weather,level_max,4,.5,-1.129745,-1.5142236,-.74526638,0,63,1
weather,level_max,4,1,-1.129745,-1.8208615,-.43862855,0,63,1
weather,level_max,4,1.5,-1.129745,-2.1274993,-.13199072,0,63,1
weather,level_max,4,2,-1.129745,-2.4341371,.17464712,0,63,0
weather,level_max,4,2.5,-1.129745,-2.7407749,.48128498,0,63,0
weather,level_max,4,3,-1.129745,-3.0474129,.7879228,0,63,0
weather,level_mean,5,.5,-1.0053377,-1.1903318,-.82034361,0,63,1
weather,level_mean,5,1,-1.0053377,-1.2936915,-.71698397,0,63,1
weather,level_mean,5,1.5,-1.0053377,-1.3970512,-.61362427,0,63,1
weather,level_mean,5,2,-1.0053377,-1.5004108,-.51026464,0,63,1
weather,level_mean,5,2.5,-1.0053377,-1.6037705,-.40690494,0,63,1
weather,level_mean,5,3,-1.0053377,-1.7071302,-.30354527,0,63,1
weather,level_max,5,.5,-1.0053377,-1.39361,-.61706543,0,63,1
weather,level_max,5,1,-1.0053377,-1.7002479,-.31042761,0,63,1
weather,level_max,5,1.5,-1.0053377,-2.0068858,-.00378977,0,63,1
weather,level_max,5,2,-1.0053377,-2.3135235,.30284807,0,63,0
weather,level_max,5,2.5,-1.0053377,-2.6201613,.60948592,0,63,0
weather,level_max,5,3,-1.0053377,-2.9267993,.91612375,0,63,0
wxint,baseline,1,0,-1.2161112,-1.3469827,-1.0852395,0,58,1
wxint,rm,1,.5,,-1.6900001,-.73000002,0,58,1
wxint,rm,1,1,,-2.1400001,-.28,0,58,1
wxint,rm,1,1.5,,-2.5899999,.2,0,58,0
wxint,rm,1,2,,-3.0699999,.64999998,0,58,0
wxint,rm,1,2.5,,-3.55,1.13,0,58,0
wxint,rm,1,3,,-4,1.61,0,58,0
wxint,baseline,2,0,-1.4054658,-1.6401242,-1.1708076,0,58,1
wxint,rm,2,.5,,-2.4400001,-.51999998,0,58,1
wxint,rm,2,1,,-3.3699999,.38,0,58,0
wxint,rm,2,1.5,,-4.3000002,1.3099999,0,58,0
wxint,rm,2,2,,-5.2600002,2.24,0,58,0
wxint,rm,2,2.5,,-6.1900001,3.1700001,0,58,0
wxint,rm,2,3,,-7.1199999,4.0999999,0,58,0
wxint,baseline,3,0,-1.3107885,-1.4739324,-1.1476446,0,58,1
wxint,rm,3,.5,,-2.05,-.63999999,0,58,1
wxint,rm,3,1,,-2.77,.050000001,0,58,0
wxint,rm,3,1.5,,-3.46,.74000001,0,58,0
wxint,rm,3,2,,-4.1500001,1.46,0,58,0
wxint,rm,3,2.5,,-4.8699999,2.1500001,0,58,0
wxint,rm,3,3,,-5.5599999,2.8699999,0,58,0
wxint,baseline,4,0,-1.2322921,-1.4035293,-1.0610549,0,58,1
wxint,rm,4,.5,,-2.5,-.13,0,58,1
wxint,rm,4,1,,-3.6400001,1.01,0,58,0
wxint,rm,4,1.5,,-4.8099999,2.1800001,0,58,0
wxint,rm,4,2,,-5.98,3.3499999,0,58,0
wxint,rm,4,2.5,,-7.1500001,4.52,0,58,0
wxint,rm,4,3,,-8.3199997,5.6900001,0,58,0
wxint,baseline,5,0,-1.1249409,-1.3077708,-.94211102,0,58,1
wxint,rm,5,.5,,-3.3399999,.88999999,0,58,0
wxint,rm,5,1,,-5.4099998,2.96,0,58,0
wxint,rm,5,1.5,,-7.48,5.0300002,0,58,0
wxint,rm,5,2,,-9.5500002,7.1900001,0,58,0
wxint,rm,5,2.5,,-11.71,9.2600002,0,58,0
wxint,rm,5,3,,-13.78,11.42,0,58,0
