threshold,span,participation,total
2019-04-27,2019,.04559816,-.034813195
2019-05-04,2019,.067525558,-.031336915
2019-05-11,2019,.10478317,-.0017156011
2019-05-18,2019,.070917934,-.040405687
2019-05-25,2019,.099877462,.0032989248
2019-06-01,2019,.20176016,.06513413
2019-06-08,2019,.097837001,-.02096865
2019-06-15,2019,.052005,-.014702329
2019-06-22,2019,.087968133,.034425572
2019-06-29,2019,.036969457,-.0059470772
2019-07-06,2019,.016499512,-.036339462
2019-07-13,2019,.0054990239,-.044500545
2019-07-20,2019,-.0023051754,-.052808885
2019-07-27,2019,-.0086306361,-.055382486
2019-08-03,2019,.022487666,-.020736076
2019-08-10,2019,-.0029469444,-.039243892
2019-08-17,2019,-.020945102,-.057738699
2019-08-24,2019,-.012661492,-.041372132
2019-08-31,2019,-.01374889,-.02128992
2019-09-07,2019,-.027369635,-.05241992
2019-09-14,2019,-.029367762,-.068606786
2019-09-21,2019,-.026962049,-.082038939
2019-09-28,2019,-.037699599,-.081507847
2019-10-05,2019,-.096482776,-.1570674
2019-10-12,2019,-.064739987,-.10725877
2019-10-19,2019,-.10490469,-.16621463
2019-10-26,2019,-.11293859,-.16282791
2019-11-02,2019,-.13922338,-.14917971
2020-07-11,2020_21,.20294771,.15358137
2020-07-18,2020_21,.17805697,.1604466
2020-07-25,2020_21,.22830069,.13240767
2020-08-01,2020_21,.19077301,.070034645
2020-08-08,2020_21,.082142733,-.087376326
2020-08-15,2020_21,.10030067,-.10701723
2020-08-22,2020_21,.0052259881,-.18578434
2020-08-29,2020_21,-.010313101,-.14886801
2020-09-05,2020_21,-.12414934,-.31124952
2020-09-12,2020_21,-.12179694,-.30185682
2020-09-19,2020_21,-.15936811,-.33254555
2020-09-26,2020_21,-.15910593,-.3227703
2020-10-03,2020_21,-.07988283,-.21501894
2020-10-10,2020_21,-.055387426,-.14719245
2020-10-17,2020_21,-.05317387,-.1132864
2020-10-24,2020_21,-.10601368,-.19117709
2020-10-31,2020_21,-.061436489,-.1141122
2020-11-07,2020_21,-.08130718,-.10597594
2020-11-14,2020_21,-.076470956,-.082175255
2020-11-21,2020_21,-.054368991,-.044638213
2020-11-28,2020_21,-.096154541,-.11029344
2020-12-05,2020_21,-.14193834,-.17985369
2020-12-12,2020_21,-.14695914,-.21448956
2020-12-19,2020_21,-.10911035,-.14608052
2020-12-26,2020_21,-.11236889,-.17396173
2021-01-02,2020_21,-.087032616,-.16302772
2021-01-09,2020_21,-.058979344,-.15892375
