threshold,span,estimate,se,n
2019-04-27,2019,-.012425205,.097772539,102
2019-05-04,2019,.045362093,.074235745,104
2019-05-11,2019,.14876083,.062373441,104
2019-05-18,2019,.10770927,.064816281,102
2019-05-25,2019,.12695694,.065235756,104
2019-06-01,2019,.090356208,.063767307,104
2019-06-08,2019,.047379047,.088895097,104
2019-06-15,2019,.01120225,.10442766,106
2019-06-22,2019,.11089615,.097591586,105
2019-06-29,2019,.10458276,.099879682,105
2019-07-06,2019,.02452462,.063451931,105
2019-07-13,2019,.04567894,.073606648,105
2019-07-20,2019,.0073021073,.067639865,105
2019-07-27,2019,.037114281,.061931197,106
2019-08-03,2019,.015963122,.062205218,106
2019-08-10,2019,.060509089,.063305214,106
2019-08-17,2019,.0012470448,.030442532,108
2019-08-24,2019,.015511085,.028883209,106
2019-08-31,2019,.025907135,.02615691,106
2019-09-07,2019,.010322579,.031302821,108
2019-09-14,2019,.0062879506,.027632501,108
2019-09-21,2019,.0051749051,.03113373,108
2019-09-28,2019,.015316344,.025833478,107
2019-10-05,2019,-.025822308,.028993601,107
2019-10-12,2019,-.025692046,.035080649,108
2019-10-19,2019,-.049310014,.028275991,108
2019-10-26,2019,-.041179851,.029603871,108
2019-11-02,2019,-.035964824,.031487811,107
2020-07-11,2020_21,.37007102,.14591202,106
2020-07-18,2020_21,.35939172,.15153319,106
2020-07-25,2020_21,.42713985,.14217253,107
2020-08-01,2020_21,.30573636,.10104276,107
2020-08-08,2020_21,.19410241,.087495007,107
2020-08-15,2020_21,.15428732,.069944166,108
2020-08-22,2020_21,.10738423,.067820922,108
2020-08-29,2020_21,.10078143,.095324747,108
2020-09-05,2020_21,-.05720688,.11105712,110
2020-09-12,2020_21,-.10331342,.1131375,110
2020-09-19,2020_21,-.1963544,.087553777,110
2020-09-26,2020_21,-.22218499,.063996553,110
2020-10-03,2020_21,-.1576743,.11365064,109
2020-10-10,2020_21,-.18408316,.10000648,109
2020-10-17,2020_21,-.20467909,.099708617,108
2020-10-24,2020_21,-.184449,.08264485,108
2020-10-31,2020_21,-.059790261,.068611868,107
2020-11-07,2020_21,-.042489663,.061694734,106
2020-11-14,2020_21,-.014837844,.05399875,106
2020-11-21,2020_21,.012870429,.057764333,106
2020-11-28,2020_21,-.041406088,.04502786,106
2020-12-05,2020_21,-.033630956,.051972888,106
2020-12-12,2020_21,-.062972598,.042455371,107
2020-12-19,2020_21,-.083135694,.061906144,107
2020-12-26,2020_21,-.13038559,.054563638,105
2021-01-02,2020_21,-.10487849,.060903542,105
2021-01-09,2020_21,-.083646104,.062997431,105
