station,lon,lat,universe,commuter_group
2,-58.37470989,-34.59242413,stable,more commuter-oriented
3,-58.3682604,-34.611032,stable,more commuter-oriented
4,-58.368781,-34.601822,stable,more commuter-oriented
5,-58.4209542,-34.5805497,stable,less commuter-oriented
6,-58.369758,-34.628526,stable,less commuter-oriented
7,-58.381098,-34.606498,stable,more commuter-oriented
8,-58.3893364,-34.6094218,stable,less commuter-oriented
9,-58.407741,-34.585443,stable,less commuter-oriented
12,-58.388807,-34.5927096,stable,less commuter-oriented
13,-58.406,-34.61009,stable,less commuter-oriented
14,-58.426387,-34.577424,stable,less commuter-oriented
17,-58.4187306,-34.6064101,stable,more commuter-oriented
20,-58.4443269,-34.5809751,stable,less commuter-oriented
21,-58.406432,-34.640111,stable,less commuter-oriented
22,-58.3825498,-34.5938629,stable,more commuter-oriented
23,-58.379836,-34.600139,stable,more commuter-oriented
24,-58.3808943,-34.610583,stable,more commuter-oriented
25,-58.4161178,-34.5894269,stable,less commuter-oriented
26,-58.3638723,-34.600752,stable,more commuter-oriented
27,-58.3900887,-34.599068,stable,less commuter-oriented
29,-58.4335573,-34.6079414,stable,less commuter-oriented
30,-58.3973698,-34.5908211,stable,less commuter-oriented
32,-58.3735984,-34.6072074,stable,more commuter-oriented
33,-58.3989807,-34.5970909,stable,more commuter-oriented
35,-58.371847,-34.5964246,stable,more commuter-oriented
38,-58.3828403,-34.5970497,stable,less commuter-oriented
41,-58.4058883,-34.6371232,stable,less commuter-oriented
42,-58.3800307,-34.6046074,stable,more commuter-oriented
43,-58.389921,-34.584018,stable,less commuter-oriented
44,-58.4138829,-34.5755148,stable,less commuter-oriented
45,-58.3866934,-34.6018635,stable,more commuter-oriented
46,-58.3743749,-34.6163012,stable,less commuter-oriented
48,-58.362131,-34.624255,stable,more commuter-oriented
50,-58.4010798,-34.5837348,stable,less commuter-oriented
51,-58.3821261,-34.6014776,stable,more commuter-oriented
54,-58.4220694,-34.5982097,stable,less commuter-oriented
56,-58.425999,-34.588567,stable,less commuter-oriented
58,-58.4346883,-34.5752773,stable,less commuter-oriented
59,-58.380565,-34.617654,stable,more commuter-oriented
60,-58.371079,-34.6016509,stable,more commuter-oriented
63,-58.373062,-34.5986,stable,more commuter-oriented
64,-58.3941087,-34.5936508,stable,less commuter-oriented
65,-58.4157873,-34.5873124,stable,less commuter-oriented
66,-58.4138713,-34.5945475,stable,less commuter-oriented
69,-58.4046092,-34.5961006,stable,less commuter-oriented
70,-58.4260597,-34.5926862,stable,less commuter-oriented
71,-58.3833559,-34.6026673,stable,more commuter-oriented
73,-58.3718235,-34.6306814,stable,more commuter-oriented
74,-58.43454,-34.60439,stable,less commuter-oriented
75,-58.3989871,-34.6122976,stable,more commuter-oriented
76,-58.3950548,-34.6074084,stable,less commuter-oriented
79,-58.36393,-34.61189,stable,more commuter-oriented
80,-58.4341232,-34.6245807,stable,more commuter-oriented
82,-58.4263947,-34.6078917,stable,more commuter-oriented
83,-58.3893728,-34.603269,stable,more commuter-oriented
84,-58.3937375,-34.6042288,stable,more commuter-oriented
85,-58.4091784,-34.5948057,stable,less commuter-oriented
86,-58.4016808,-34.6212681,stable,less commuter-oriented
87,-58.4314942,-34.619845,stable,less commuter-oriented
89,-58.4056671,-34.5825475,stable,more commuter-oriented
91,-58.397602,-34.6174482,stable,less commuter-oriented
92,-58.4053386,-34.6316444,stable,more commuter-oriented
93,-58.3944635,-34.620798,stable,more commuter-oriented
94,-58.449652,-34.591511,stable,less commuter-oriented
95,-58.3781678,-34.6021121,stable,more commuter-oriented
96,-58.4116586,-34.6027814,stable,less commuter-oriented
98,-58.3779002,-34.6081643,stable,more commuter-oriented
99,-58.435408,-34.5960961,stable,more commuter-oriented
101,-58.4424397,-34.5891857,stable,less commuter-oriented
104,-58.455212,-34.587617,stable,less commuter-oriented
105,-58.4008662,-34.6340844,below threshold,
107,-58.395844,-34.63037718,stable,less commuter-oriented
111,-58.3646858,-34.6054877,stable,less commuter-oriented
112,-58.380384,-34.612075,stable,more commuter-oriented
114,-58.3722554,-34.5949745,stable,more commuter-oriented
116,-58.4025894,-34.5921708,stable,more commuter-oriented
117,-58.3741759,-34.6201008,stable,less commuter-oriented
118,-58.4026531,-34.6170196,stable,more commuter-oriented
120,-58.4092876,-34.617509,stable,more commuter-oriented
121,-58.4285093,-34.6011732,stable,less commuter-oriented
124,-58.411965,-34.580538,stable,less commuter-oriented
126,-58.3692243,-34.6402672,stable,more commuter-oriented
128,-58.36882117,-34.60515159,stable,more commuter-oriented
130,-58.37436403,-34.5917376,stable,more commuter-oriented
131,-58.3990158,-34.5984043,stable,more commuter-oriented
132,-58.372763,-34.6033685,stable,more commuter-oriented
134,-58.468952,-34.683188,stable,more commuter-oriented
135,-58.377535,-34.595125,stable,more commuter-oriented
137,-58.3674923,-34.6155977,stable,more commuter-oriented
138,-58.3876724,-34.6353595,stable,more commuter-oriented
144,-58.4060944,-34.6018744,stable,more commuter-oriented
146,-58.4078419,-34.6221118,stable,more commuter-oriented
149,-58.3813642,-34.6153266,stable,more commuter-oriented
150,-58.3554654,-34.6187547,stable,more commuter-oriented
151,-58.361285,-34.6118145,stable,more commuter-oriented
152,-58.3596311,-34.6181645,stable,more commuter-oriented
153,-58.3620701,-34.6307765,stable,more commuter-oriented
155,-58.4114346,-34.6380383,stable,more commuter-oriented
156,-58.4074696,-34.5775895,stable,less commuter-oriented
158,-58.4450697,-34.592735,stable,less commuter-oriented
161,-58.4196761,-34.6020779,stable,less commuter-oriented
162,-58.401924,-34.608985,stable,more commuter-oriented
163,-58.4064308,-34.6095663,stable,less commuter-oriented
164,-58.3698984,-34.617301,stable,more commuter-oriented
165,-58.407614,-34.597048,stable,less commuter-oriented
166,-58.3941479428656,-34.5883466632398,stable,less commuter-oriented
167,-58.44854,-34.606984,stable,less commuter-oriented
168,-58.3812271,-34.6186217,stable,more commuter-oriented
171,-58.3997553,-34.6032813,stable,more commuter-oriented
172,-58.371082,-34.625426,stable,less commuter-oriented
174,-58.391768,-34.597225,stable,more commuter-oriented
175,-58.380707,-34.626851,stable,more commuter-oriented
179,-58.3642885,-34.6384786,stable,less commuter-oriented
181,-58.4120072,-34.5926649,stable,less commuter-oriented
182,-58.4352466,-34.5780479,stable,less commuter-oriented
183,-58.3899728,-34.6156994,stable,more commuter-oriented
184,-58.3913419,-34.6306129,stable,more commuter-oriented
186,-58.4064415,-34.6136356,stable,more commuter-oriented
187,-58.450897,-34.552571,stable,more commuter-oriented
188,-58.39125,-34.62393,stable,more commuter-oriented
189,-58.3852113,-34.5886889,stable,more commuter-oriented
190,-58.4111136,-34.5850763,stable,less commuter-oriented
191,-58.3808358,-34.6079305,stable,more commuter-oriented
193,-58.4061652,-34.5908626,stable,less commuter-oriented
194,-58.4224635,-34.6060758,stable,more commuter-oriented
196,-58.3657211,-34.6275351,stable,more commuter-oriented
197,-58.493044,-34.620998,stable,more commuter-oriented
199,-58.4160137,-34.6222601,stable,more commuter-oriented
200,-58.4053617,-34.5890696,stable,less commuter-oriented
202,-58.390602,-34.583749,stable,less commuter-oriented
203,-58.356259,-34.628757,stable,more commuter-oriented
204,-58.427818,-34.614948,stable,more commuter-oriented
205,-58.428016,-34.583323,stable,less commuter-oriented
206,-58.437339,-34.58495,stable,more commuter-oriented
207,-58.4873593569069,-34.6523768530285,stable,less commuter-oriented
210,-58.411278,-34.572165,stable,less commuter-oriented
212,-58.434875,-34.600275,stable,less commuter-oriented
213,-58.442685,-34.599659,stable,less commuter-oriented
214,-58.428974,-34.590541,stable,less commuter-oriented
215,-58.424996,-34.585878,stable,less commuter-oriented
216,-58.411493,-34.589968,stable,less commuter-oriented
220,-58.427573,-34.635128,stable,less commuter-oriented
222,-58.420628,-34.572583,stable,less commuter-oriented
223,-58.424853,-34.6234,stable,more commuter-oriented
227,-58.43276297,-34.61036075,stable,more commuter-oriented
229,-58.45153,-34.581576,stable,less commuter-oriented
231,-58.445999589,-34.60511787,stable,less commuter-oriented
232,-58.4790578,-34.5599779,below threshold,
235,-58.48692409,-34.573734,stable,less commuter-oriented
236,-58.455166,-34.562161,stable,less commuter-oriented
239,-58.42062076,-34.56533652,stable,less commuter-oriented
242,-58.403214,-34.57716,stable,more commuter-oriented
245,-58.4429397,-34.552594,below threshold,
247,-58.466494,-34.5838957,stable,more commuter-oriented
248,-58.474635,-34.573522,stable,less commuter-oriented
252,-58.374336,-34.647121,stable,less commuter-oriented
254,-58.441607,-34.620717,stable,less commuter-oriented
255,-58.448547,-34.622092,stable,more commuter-oriented
257,-58.481236,-34.570825,stable,more commuter-oriented
258,-58.455334,-34.565521,stable,less commuter-oriented
261,-58.440584,-34.616151,stable,more commuter-oriented
262,-58.467476,-34.609761,stable,less commuter-oriented
263,-58.457555,-34.622003,stable,more commuter-oriented
265,-58.4505,-34.64196,below threshold,
268,-58.477,-34.5503,stable,less commuter-oriented
269,-58.457799,-34.577329,stable,less commuter-oriented
271,-58.473844,-34.630108,stable,more commuter-oriented
273,-58.446751,-34.616758,stable,more commuter-oriented
275,-58.459289,-34.562277,stable,less commuter-oriented
277,-58.436115,-34.563539,stable,less commuter-oriented
278,-58.469813,-34.564122,stable,less commuter-oriented
280,-58.449379,-34.633528,stable,more commuter-oriented
281,-58.458315,-34.613778,stable,more commuter-oriented
284,-58.435056,-34.631018,stable,more commuter-oriented
289,-58.448314,-34.559801,stable,less commuter-oriented
291,-58.381627,-34.617247,stable,more commuter-oriented
299,-58.466143,-34.631705,stable,more commuter-oriented
302,-58.415771,-34.6518464,stable,more commuter-oriented
304,-58.4848,-34.5893,below threshold,
308,-58.436752,-34.567633,stable,less commuter-oriented
311,-58.47421143,-34.5972098,below threshold,
316,-58.453475,-34.605567,stable,less commuter-oriented
318,-58.457317,-34.603936,stable,less commuter-oriented
322,-58.454181,-34.551304,stable,less commuter-oriented
323,-58.459298,-34.565409,stable,more commuter-oriented
324,-58.4840556,-34.578933,below threshold,
329,-58.435187,-34.593141,stable,less commuter-oriented
333,-58.50335,-34.6008,below threshold,
335,-58.47098,-34.615945,stable,more commuter-oriented
336,-58.5111458,-34.5997308,below threshold,
342,-58.484297,-34.616813,below threshold,
353,-58.364695,-34.599036,stable,more commuter-oriented
355,-58.446381,-34.567483,stable,less commuter-oriented
358,-58.465586,-34.561486,stable,more commuter-oriented
359,-58.450479,-34.555602,stable,more commuter-oriented
361,-58.453608,-34.569187,stable,less commuter-oriented
363,-58.463114,-34.6439,below threshold,
364,-58.43447,-34.568693,stable,less commuter-oriented
368,-58.482079,-34.59807,below threshold,
376,-58.487078,-34.626778,stable,less commuter-oriented
382,-58.47739,-34.60547,below threshold,
385,-58.4931413452077,-34.6061599147537,below threshold,
386,-58.4759,-34.5654,below threshold,
387,-58.465568,-34.602028,stable,less commuter-oriented
392,-58.485381,-34.554581,stable,less commuter-oriented
400,-58.46982,-34.57899,below threshold,
407,-58.478266,-34.6424248,below threshold,
416,-58.469133,-34.553262,stable,less commuter-oriented
424,-58.39965,-34.638584,stable,more commuter-oriented
426,-58.4579,-34.5557,stable,less commuter-oriented
428,-58.4739506,-34.587458,below threshold,
432,-58.435801,-34.619879,stable,less commuter-oriented
433,-58.373726,-34.637697,stable,less commuter-oriented
435,-58.459499,-34.544503,stable,less commuter-oriented
441,-58.3748,-34.609801,stable,more commuter-oriented
444,-58.370716,-34.608936,stable,more commuter-oriented
448,-58.3790962140903,-34.5822681155566,stable,more commuter-oriented
449,-58.463297377,-34.62883578,stable,less commuter-oriented
