wk_start,weekend_trips,weekday_trips,nw,nd,ratio
2019-02-25,4005,3130.2,2,5,1.279470960322024
2019-03-04,5219,5192.666666666667,2,3,1.005071254333034
2019-03-11,5788,7068.4,2,5,.8188557523626281
2019-03-18,6271,8187.8,1,5,.7658956007718801
2019-03-25,6168.5,8397.799999999999,2,5,.7345376169949273
2019-04-01,6107,8863.25,2,4,.6890249062138606
2019-04-08,5969,8770.799999999999,2,5,.6805536553108041
2019-04-15,5285,8749,2,3,.6040690364613098
2019-04-22,4571,6950.4,2,5,.6576599907918969
2019-04-29,4219,6438,2,4,.6553277415346381
2019-05-06,14341.5,9835.6,2,5,1.45812151775184
2019-05-13,17330,19089.2,2,5,.9078431783416801
2019-05-20,27443,24387,1,5,1.125312666584656
2019-05-27,25804,30767.2,2,5,.8386853532333134
2019-06-03,26299.5,28557.2,2,5,.9209411286820837
2019-06-10,9191,30141.6,2,5,.3049274092947952
2019-06-17,28572.5,28015.66666666667,2,3,1.019875783787643
2019-06-24,19300,31395.8,2,5,.6147319068155613
2019-07-01,19454,26974.4,2,5,.7212023251675662
2019-07-08,25500.5,31113.66666666667,2,3,.8195916049753056
2019-07-15,23310,33406,2,5,.6977788421241693
2019-07-22,24444.5,26873.2,2,5,.9096237143324948
2019-07-29,24228,30923.4,2,5,.7834843516560275
2019-08-05,24745,30367,2,5,.8148648203642112
2019-08-12,17688,29416.2,1,5,.6013013237603769
2019-08-19,22879,28110.75,2,4,.8138879254377773
2019-08-26,21964.5,31922.2,2,5,.6880634793341312
2019-09-02,20829,27384,2,5,.7606266432953549
2019-09-09,18717,23897.6,2,5,.7832167246920193
2019-09-16,22754.5,24250.2,2,5,.9383221581677677
2019-09-23,26222.5,31143.4,2,5,.8419922038056217
2019-09-30,25218.5,26058.4,2,5,.9677685506401006
2019-10-07,20875,32078.4,1,5,.6507494139358572
2019-10-14,21181.5,23264.75,2,4,.9104546577977413
2019-10-21,20863,30167.6,2,5,.691569763587425
2019-10-28,22420.5,28891.4,2,5,.7760267761340745
2019-11-04,19317.5,27510.6,2,5,.7021838854841407
2019-11-11,16950.5,26230.4,2,5,.6462158411614005
2019-11-18,16828.5,20413,2,4,.8244011169352863
2019-11-25,15674.5,23072.6,2,5,.6793555992822656
2019-12-02,15551,21707.2,1,5,.7163982457433478
2019-12-09,11596,18520,2,5,.626133909287257
2019-12-16,12675.5,16919.2,2,5,.7491784481535769
2019-12-23,10746.5,13791.5,2,4,.7792118333756299
2019-12-30,11159,11699.5,2,4,.9538014445061754
2020-01-06,8961.5,14270,2,5,.6279957953749125
2020-01-13,8461,12410.2,2,5,.6817778923788497
2020-01-20,8227,12166,2,5,.6762288344566826
2020-01-27,6560.5,11391.4,2,5,.5759169197815897
2020-02-03,7377.5,9438,2,5,.7816804407713499
2020-02-10,7360.5,11137,2,5,.6609050911376493
2020-02-17,6725.5,10931.2,2,5,.6152572453161592
2020-02-24,6400,8786.666666666666,2,3,.7283763277693476
2020-03-02,6437,9620.6,2,5,.6690850882481342
2020-03-09,3035,4801.8,2,5,.6320546461743513
2020-03-16,1,3321.2,1,5,.0003010959894014
2020-05-11,1147,749.6,2,5,1.530149413020278
2020-05-18,1060.5,1533.8,2,5,.6914200026079019
2020-05-25,676.5,1383.75,2,4,.4888888888888889
2020-06-01,1325.5,1609.6,2,5,.8234965208747516
2020-06-08,2382,2871.4,2,5,.8295604931392352
2020-06-15,2502,3406.5,1,4,.7344782034346103
2020-06-22,2606,2861,2,5,.9108703250611674
2020-06-29,1808,1694.8,2,5,1.066792541892849
2020-07-06,2694,2286.666666666667,2,3,1.178134110787172
2020-07-13,3046,2662.4,2,5,1.144080528846154
2020-07-20,4906.5,3723.6,2,5,1.317676442152755
2020-07-27,7380.5,5140.2,2,5,1.435839072409634
2020-08-03,6882.5,6279.4,2,5,1.096044208045355
2020-08-10,9312.5,7662.6,2,5,1.215318560279801
2020-08-17,10840,7828,2,4,1.384772611139499
2020-08-24,8964.5,8626.799999999999,2,5,1.039145453702416
2020-08-31,9849,6053.2,2,5,1.627073283552501
2020-09-07,10618.5,9636.4,2,5,1.101915653148479
2020-09-14,10670.5,9870.4,2,5,1.081060544658778
2020-09-21,5676,9808,2,5,.5787112561174551
2020-09-28,7688.5,10337.4,2,5,.7437556832472382
2020-10-05,11251.5,11594.8,2,5,.9703918998171595
2020-10-12,10761.5,12320.25,2,4,.8734806517724884
2020-10-19,8983,7650,2,5,1.174248366013072
2020-10-26,11358,11170,2,5,1.016830796777082
2020-11-02,11352,12093.2,2,5,.9387093573247775
2020-11-09,10809.5,11935.4,2,5,.9056671749585268
2020-11-16,10557.5,11621.4,2,5,.9084533705061353
2020-11-23,8405.5,10147,2,4,.828372918103873
2020-11-30,10347.5,10341.8,2,5,1.000551161306543
2020-12-07,10095.5,11271.33333333333,2,3,.8956793044301177
2020-12-14,8903.5,11269.8,2,5,.7900317663135105
2020-12-21,8660.5,9503.5,2,4,.9112958383753355
2020-12-28,7765.5,8798.25,2,4,.8826187025829
2021-01-04,8815.5,9292.200000000001,2,5,.9486989087621875
2021-01-11,8739,8890.6,2,5,.9829482824556273
2021-01-18,8115,10682.2,2,5,.7596749733201026
2021-01-25,4864.5,9762.6,2,5,.4982791469485588
2021-02-01,10125,10383.2,2,5,.9751329070036212
2021-02-08,8741.5,10473.4,2,5,.8346382263639315
2021-02-15,11745,13011,2,3,.9026977173161171
2021-02-22,11455.5,12260,2,5,.9343800978792822
2021-03-01,11948.5,13542.6,2,5,.8822899590920502
2021-03-08,2707,13054.2,1,5,.207366211640698
2021-03-15,2569.5,9774.6,2,5,.2628752071696028
2021-03-22,3074.5,8807.75,2,4,.349067582526752
2021-03-29,3308,10652,2,3,.3105520090123921
2021-04-05,2099,9110.200000000001,2,5,.2304010888893767
2021-04-12,4309.5,10073.8,2,5,.4277928884829955
2021-04-19,3616.5,9653,2,5,.3746503677613177
2021-04-26,4206,9757.799999999999,1,5,.4310397835577692
2021-05-03,3567,8131.2,2,5,.4386806375442739
2021-05-10,3825.5,8902.4,2,5,.4297155823148814
2021-05-17,1047.5,7407.6,2,5,.1414088233705924
2021-05-24,3477.5,7006.333333333333,2,3,.4963366477948523
2021-05-31,2883.5,7362.8,2,5,.3916309012875536
2021-06-07,3982,7875.4,2,5,.5056251111054677
2021-06-14,2547,6964.8,1,5,.3656960716747071
2021-06-21,1970,6989.25,2,4,.2818614300532961
2021-06-28,3082.5,6116.6,2,5,.5039564463917863
2021-07-05,3421.5,7415,2,4,.4614295347269049
2021-07-12,2438.5,6799.6,2,5,.3586240367080416
2021-07-19,2236,7858.4,2,5,.2845362923750382
2021-07-26,3252,7290.6,2,5,.4460538227306394
2021-08-02,2479,8734.4,2,5,.2838202967576479
2021-08-09,3399.5,7435,2,5,.4572293207800942
2021-08-16,3968,9651.25,2,4,.4111384535681907
2021-08-23,4214.5,9944.6,2,5,.4237978400337872
2021-08-30,3002,8620.200000000001,2,5,.3482517807011438
2021-09-06,6084.5,5683,2,5,1.070649304944572
2021-09-13,4177.5,9986,2,5,.4183356699379131
2021-09-20,3624,9688.799999999999,2,5,.3740401288085212
2021-09-27,2467.5,8746.4,2,5,.2821160706119089
2021-10-04,4222,10487.75,2,4,.4025648971419036
2021-10-11,3713,9876,2,4,.3759619279060348
2021-10-18,4102,10965.4,2,5,.3740857606653656
2021-10-25,3897,11192.4,2,5,.3481826954004503
2021-11-01,4150,9880.799999999999,2,5,.4200064772083232
2021-11-08,4896.5,11602.8,2,5,.4220102044334126
2021-11-15,3851,11070.6,1,5,.3478582913301899
2021-11-22,2549.5,10898.75,2,4,.2339259089345109
2021-11-29,3934.5,11765.4,2,5,.3344127696465908
2021-12-06,3836,10470.75,2,4,.3663538906000048
2021-12-13,3841.5,10843.8,2,5,.3542577325291872
2021-12-20,2818,8802,1,5,.3201545103385594
2021-12-27,3165,7136.8,1,5,.4434760677054142
2022-01-03,3482,7731.6,2,5,.4503595633504061
2022-01-10,1909.5,7282.6,2,5,.2622003130750007
2022-01-17,2494.5,6990.8,2,5,.3568261143216799
2022-01-24,3511.5,8791,2,5,.3994426117620293
2022-01-31,2955.5,9407,2,5,.3141809290953545
2022-02-07,3501.5,10172.8,2,5,.3442021862220824
2022-02-14,2518.5,10305.2,2,5,.2443911811512634
2022-02-21,2007.5,10328.8,2,5,.1943594609247928
2022-02-28,3580,10425.66666666667,2,3,.3433833168142725
2022-03-07,3943,10499.2,2,5,.3755524230417555
2022-03-14,3150,11676.2,2,5,.2697795515664343
2022-03-21,3715,10401.5,2,4,.3571600249963948
2022-03-28,2568,11698.2,1,5,.2195209519413243
2022-04-04,4006,12319.2,2,5,.3251834534710046
2022-04-11,3261.5,11293,2,3,.2888072257150447
2022-04-18,3133,10581,2,5,.2960967772422266
2022-04-25,2417,10471,1,5,.2308280011460223
2022-05-02,3754,10643.8,2,5,.3526935868768673
2022-05-09,3019.5,11081.2,2,5,.2724885391473848
2022-05-16,2923,8587.5,2,4,.3403784570596798
2022-05-23,2203,9303.5,2,4,.2367926049336271
2022-05-30,2232.5,8185,2,5,.2727550397067807
2022-06-06,2457,8221.4,2,5,.2988542097452989
2022-06-13,2487,9384.5,2,4,.2650114550588737
2022-06-20,1845,7671.75,2,4,.2404927167856095
2022-06-27,2473,7590.4,2,5,.325806281618887
2022-07-04,2371,7721.2,1,5,.3070766202144745
2022-07-11,1856,7412,2,5,.2504047490555855
2022-07-18,1546.5,8188.4,2,5,.1888647354794588
2022-07-25,3406.5,6430.4,2,5,.5297493157501867
2022-08-01,3076.5,9446.200000000001,2,5,.3256865194469734
2022-08-08,4819,10324.8,2,5,.4667402758406943
2022-08-15,3840.5,10202.5,2,4,.376427346238667
2022-08-22,3243.5,12435.8,2,5,.2608195693079657
2022-08-29,4262,10767.8,2,5,.3958097290068538
2022-09-05,3961.5,11964.6,2,5,.3311017501629808
2022-09-12,4321,13384.8,2,5,.3228288805211882
2022-09-19,4246.5,12149.4,2,5,.3495234332559633
2022-09-26,4649.5,13009.2,2,5,.3574009162746364
2022-10-03,3956,12516.75,2,4,.3160564843110232
2022-10-10,2463,12379.75,2,4,.1989539368727155
2022-10-17,4630,12162,2,5,.3806939648084197
2022-10-24,3486.5,12732.4,2,5,.2738289717570921
2022-10-31,5175.5,12761.8,2,5,.405546239558683
2022-11-07,3816.5,13533.2,2,5,.282010167587858
2022-11-14,3988,11981.2,1,5,.3328548058625179
2022-11-21,3859.5,12502.25,2,4,.3087044332020236
2022-11-28,4115.5,11483.4,2,5,.3583868889004999
2022-12-05,3151,11018.33333333333,2,3,.2859779155952201
2022-12-12,5988.5,10527.4,2,5,.5688489085624181
2022-12-19,2059,8233.5,1,4,.2500759093945467
2022-12-26,2886,8898,1,5,.3243425488873905
2023-01-02,3577,9189.200000000001,2,5,.3892613067514038
2023-01-09,3845,9943.799999999999,2,5,.3866731028379493
2023-01-16,3763.5,9043,2,5,.4161782594271812
2023-01-23,4015,9475.4,2,5,.4237288135593221
2023-01-30,4710.5,10256.4,2,5,.4592742092742093
2023-02-06,2998.5,10299.8,2,5,.2911221577118002
2023-02-13,4124,9055.4,2,5,.4554188660909513
2023-02-20,4201.5,10323.33333333333,2,3,.4069906360994511
2023-02-27,3284.5,10592.8,2,5,.3100691035420286
2023-03-06,2865,10550.2,2,5,.2715588330079051
2023-03-13,3405,9835.799999999999,2,5,.3461843469773684
2023-03-20,3449,10476.25,2,4,.3292208566996778
2023-03-27,3665,10709.2,1,5,.3422291114182198
2023-04-03,4050,9956.666666666666,2,3,.4067626380984266
2023-04-10,2581.5,10541,2,5,.2449008632957025
2023-04-17,3449.5,9330.799999999999,2,5,.3696896300424401
2023-04-24,2972,9623.6,2,5,.308824140654225
2023-05-01,2196.5,8961.75,2,4,.2450972187351801
2023-05-08,3662,8793.6,2,5,.4164392285298399
2023-05-15,2183,8730.799999999999,2,5,.2500343611123838
2023-05-22,2491.5,6877,2,3,.3622946052057584
2023-05-29,3128,8159.2,2,5,.3833709187175213
2023-06-05,1733.5,7813.4,2,5,.2218624414467454
2023-06-12,2142,6673.2,1,5,.3209854342744111
2023-06-19,2369.5,6994.666666666667,2,3,.3387581014105985
2023-06-26,1459,8196.4,2,5,.1780049777951296
2023-07-03,2248,8948.799999999999,1,5,.2512068657250134
2023-07-10,2178.5,4909.2,2,5,.4437586572150249
2023-07-17,3042,6301.8,2,5,.4827192230791202
2023-07-24,2892.5,6284,2,5,.4602959898154042
2023-07-31,3004,8142.2,2,5,.3689420549728575
2023-08-07,3299,8482.200000000001,2,5,.3889321166678456
2023-08-14,2414,7704.4,2,5,.3133274492497793
2023-08-21,2898.5,8806.75,2,4,.3291225480455333
2023-08-28,1173,9202.4,2,5,.1274667478049205
2023-09-04,3841,7489.2,2,5,.5128718688244406
2023-09-11,3503,9579,2,5,.3656957928802589
2023-09-18,4246.5,8929.4,2,5,.47556386767308
2023-09-25,4077,9541,2,5,.4273136987737135
2023-10-02,5143,9899.4,2,5,.5195264359456129
2023-10-09,4554.5,10253.5,2,4,.4441897888525869
2023-10-16,3461.5,10164,2,4,.340564738292011
2023-10-23,4806,9905.799999999999,2,5,.4851703042661875
2023-10-30,4450,6611.8,2,5,.6730391118908617
2023-11-06,5043.5,9400,2,5,.5365425531914894
2023-11-13,5829,10740.2,2,5,.5427273235135286
2023-11-20,5666,11437.25,2,4,.4953988065312903
2023-11-27,3611.5,9938.4,2,5,.3633884729936409
2023-12-04,4646.5,8345.5,2,4,.556767120004793
2023-12-11,2704,10019.6,2,5,.2698710527366362
2023-12-18,2584.5,8632,2,5,.2994091751621872
2023-12-25,3291.5,9078.5,2,4,.362559894255659
