date,year,month,dow,weekend,feriado,nonworking_general,religious_only_day,holiday_any,long_weekend_day,days_from_policy,post,n_trips,n_users,n_trips_female,n_trips_male,n_trips_other,n_trips_gender_missing,n_trips_night,n_trips_2006,n_short_same_station,n_stations_departure,share_gt30min,n_stations_any,n_new_users,total_minutes,mean_dur_min,median_dur_min,trips_per_active_station,prcp_mm,prcp_source,tmax_c,tmax_source,tmin_c,tavg_c,prcp_missing,rain_day,heavy_rain_day,temp_missing,subte_pax,subte_records,subte_date_certain,mob_retail_rec,mob_grocery,mob_parks,mob_transit,mob_workplaces,mob_residential,log_trips,log_minutes,log_users,log1p_trips,female_share,log_female,log_male,log_subte,data_available,prelaunch_2019,system_suspended_covid,low_count_day
2021-01-16,2021,1,6,1,0,0,0,0,0,-56,0,8245,5719,3031,3691,1467,56,691,2126,0,200,.1705275924802911,200,283,173666.15,21.06320800485143,18.11666666666667,41.225,7.1,prcp_obs,32,tmax_gsod_aero,19.6,24.2,0,1,0,0,87824,14904,1,-50,-14,-43,-50,-16,9,9.0173622349937,12.06489005701499,8.651549243915316,9.017483513266845,.3676167374166162,8.016647877057803,8.213652703029998,11.38309009078967,1,0,0,0
2021-01-17,2021,1,7,1,0,0,0,0,0,-55,0,9233,6105,3584,4093,1501,55,573,2400,0,200,.239358821618109,201,471,221774.25,24.01973897974656,21.21666666666667,46.165,0,prcp_obs,31.7,tmax_obs,16,21.2,0,0,0,0,47261,11159,1,-47,-17,-19,-48,-10,7,9.130539301772627,12.30941525157719,8.716863386544805,9.130647603066935,.3881728582259287,8.18423477409482,8.317033476492403,10.76344071005999,1,0,0,0
2021-01-18,2021,1,1,0,0,0,0,0,0,-54,0,10887,7371,4011,4988,1825,63,613,2718,0,200,.1361256544502618,200,238,212337.0333333333,19.50372309482257,17.05,54.435,0,prcp_obs,27.5,tmax_gsod_aero,14.3,23.1,0,0,0,0,170201,17663,1,-49,-15,-33,-55,-42,12,9.295324695881179,12.26593007116608,8.905308661189288,9.295416544331301,.3684210526315789,8.296795865770053,8.514790306799927,12.04473537054481,1,0,0,0
2021-01-19,2021,1,2,0,0,0,0,0,0,-53,0,10534,7192,3850,4909,1707,68,542,2709,0,200,.1380292386557813,200,244,205388.9833333333,19.49772008100753,17.275,52.67,0,prcp_gsod_aero,31,tmax_gsod_aero,21.2,26.9,0,0,0,0,172754,17568,1,-49,-16,-25,-54,-42,12,9.262363400043334,12.2326609398548,8.880724576151456,9.26245832623829,.3654831972659958,8.255828427281831,8.498825534058053,12.05962389620989,1,0,0,0
2021-01-20,2021,1,3,0,0,0,0,0,0,-52,0,10611,7241,3945,4789,1807,70,615,2827,0,200,.1415512204316275,200,251,210585.95,19.84600414664028,17.25,53.055,0,prcp_gsod_aero,30.8,tmax_aero,23.2,27.6,0,0,0,0,174099,17385,1,-50,-13,-24,-54,-40,11,9.269646477873591,12.25764916230648,8.887514597388821,9.26974071525763,.3717839977381962,8.280204233279974,8.47407690034261,12.0673793819144,1,0,0,0
2021-01-21,2021,1,4,0,0,0,0,0,0,-51,0,10747,7361,3967,4945,1778,57,629,2854,0,200,.1396668837815204,201,234,209845.8166666667,19.52599019881517,17.18333333333333,53.735,0,prcp_gsod_aero,33.1,tmax_obs,22.2,26.6,0,0,0,0,171361,17622,1,-51,-15,-32,-55,-41,13,9.282381924841154,12.25412833368892,8.903951072058707,9.282474969735382,.3691262677956639,8.285765420514331,8.506132244056813,12.05152772133215,1,0,0,0
2021-01-22,2021,1,5,0,0,0,0,0,0,-50,0,10632,7288,3992,4911,1669,60,735,2899,0,200,.1395786305492852,200,210,207354.2333333333,19.50284361675445,16.98333333333333,53.16,0,prcp_gsod_aero,30,tmax_aero,22.6,26.8,0,0,0,0,174944,17578,1,-50,-14,-32,-53,-39,13,9.271623600393081,12.24218388183136,8.893984438939794,9.271717651651086,.3754702784048157,8.292047637431354,8.499232866039245,12.07222120169473,1,0,0,0
2021-01-23,2021,1,6,1,0,0,0,0,0,-49,0,8483,5791,3065,3916,1432,70,980,2892,0,199,.1660968996817164,201,306,192580.7166666667,22.70195881959999,18.3,42.62814070351759,0,prcp_gsod_aero,32,tmax_gsod_aero,24,28.6,0,0,0,0,92150,14897,1,-51,-17,-33,-45,-12,7,9.045819439807735,12.16827065218452,8.664060267225789,9.045937315684574,.3613108570081339,8.027802848370312,8.272826003650401,11.43117296309797,1,0,0,0
2021-01-24,2021,1,7,1,0,0,0,0,0,-48,0,7747,5271,2766,3581,1357,43,1042,3095,0,200,.191041693558797,200,336,171002.0333333333,22.0733230067553,19.05,38.735,0,prcp_gsod_aero,33.00000000000001,tmax_gsod_aero,25.5,29,0,0,0,0,43264,11095,1,-55,-26,-38,-49,-10,6,8.955060950631902,12.04943072625231,8.569975376855206,8.955190024526887,.3570414353943462,7.925157512224703,8.183397369998433,10.67507615940264,1,0,0,0
2021-01-25,2021,1,1,0,0,0,0,0,0,-47,0,9577,6505,3470,4494,1540,73,639,2846,0,200,.1190351884723817,200,179,180034.3,18.79861125613449,16.31666666666667,47.885,0,prcp_gsod_aero,33.5,tmax_aero,26,30.3,0,0,0,0,150555,16688,1,-54,-19,-41,-56,-41,12,9.16711966952162,12.1009026672745,8.780326390946605,9.167224080902555,.3623264070168111,8.151909872940905,8.410498452745275,11.92208374491601,1,0,0,0
2021-01-26,2021,1,2,0,0,0,0,0,0,-46,0,10086,6870,3722,4691,1629,44,594,2873,0,200,.1334523101328574,200,177,192020.4333333333,19.03831383435785,16.66666666666667,50.43,0,prcp_gsod_aero,35.5,tmax_obs,25.7,30,0,0,0,0,164907,17392,1,-51,-16,-33,-54,-41,13,9.21890360263667,12.16535706895844,8.834919385216395,9.219002745054835,.3690263731905612,8.222016437202196,8.453401058328458,12.01313695761639,1,0,0,0
2021-01-27,2021,1,3,0,0,0,0,0,0,-45,0,11161,7554,4094,5194,1811,62,632,3171,0,200,.1352029388047666,201,223,215903.4,19.34444942209479,16.88333333333333,55.805,0,prcp_gsod_aero,33.3,tmax_obs,22.7,27.6,0,0,0,0,174307,17729,1,-49,-10,-22,-53,-38,12,9.320180837655714,12.2825863644104,8.929832503272403,9.320270431348378,.3668130095869546,8.317277766221235,8.555259392222693,12.06857339134427,1,0,0,0
2021-01-28,2021,1,4,0,0,0,0,0,0,-44,0,8590,6171,3148,4015,1375,52,781,2882,0,200,.1244470314318976,200,152,159722.8166666667,18.59404152114862,16.18333333333333,42.95,3.048,prcp_gsod_aero,32.7,tmax_obs,21,24.7,0,1,0,0,178300,17679,1,-51,-13,-37,-53,-41,14,9.058354014978301,11.98119519604963,8.727616178321068,9.058470422638056,.3664726426076834,8.054522609537294,8.297792626380861,12.09122280385123,1,0,0,0
2021-01-29,2021,1,5,0,0,0,0,0,0,-43,0,9399,6650,3454,4302,1597,46,607,2816,0,200,.1422491754441962,200,220,183751.3666666667,19.55009752810583,17.1,46.995,15,prcp_obs,27,tmax_gsod_aero,18.6,23.9,0,1,1,0,174525,17719,1,-47,-9,-33,-52,-39,15,9.148358579620302,12.12133885468915,8.8023721336499,9.148464968258095,.3674859027556123,8.147288258706624,8.366835309827675,12.0698232768386,1,0,0,0
2021-01-30,2021,1,6,1,0,0,0,0,0,-42,0,4762,3660,1690,2254,787,31,1111,2145,0,200,.1085678286434271,200,103,86680.83333333333,18.20261094778105,15.46666666666667,23.81,0,prcp_obs,29.4,tmax_obs,16.77777777777778,21.1,0,0,0,0,80474,14644,1,-55,-16,-60,-52,-18,13,8.468423027046809,11.36998806950964,8.205218426395412,8.46863300080086,.3548929021419572,7.432483807917119,7.720461694599722,11.29568942987048,1,0,0,0
2021-01-31,2021,1,7,1,0,0,0,0,0,-41,0,4967,3596,1802,2356,771,38,701,1420,0,199,.1389168512180391,200,142,101289.3833333333,20.39246694852695,16.83333333333333,24.95979899497488,34,prcp_obs,24.1,tmax_obs,15.5,18.3,0,1,1,0,41251,10879,1,-49,-5,-56,-51,-16,12,8.510571315107351,11.52573688053252,8.187577395591511,8.510772623613315,.3627944433259513,7.496652438168283,7.764720544771477,10.62743063389323,1,0,0,0
2021-02-01,2021,2,1,0,0,0,0,0,0,-40,0,6212,4598,2181,3008,985,38,188,1970,0,200,.1157437218287186,200,103,115170.5,18.54000321957502,15.75,31.06,0,prcp_obs,23,tmax_gsod_aero,17.4,20.3,0,0,0,0,,,0,-50,-12,-51,-55,-43,15,8.734238184268579,11.65416891806188,8.433376705323127,8.734399150063695,.3510946555054733,7.687538766201629,8.00903068506973,,1,0,0,0
2021-02-02,2021,2,2,0,0,0,0,0,0,-39,0,10640,7175,3811,4997,1767,65,489,2734,0,200,.1300751879699248,201,205,204578.65,19.22731672932331,16.48333333333333,53.2,0,prcp_gsod_aero,25.72222222222222,tmax_gsod_aero,18.2,21.5,0,0,0,0,184520,17712,1,-43,-4,-27,-50,-41,13,9.272375762895635,12.2287077771037,8.878358040627822,9.272469743441732,.3581766917293233,8.24564690087386,8.516593011344206,12.12551313767176,1,0,0,0
2021-02-03,2021,2,3,0,0,0,0,0,0,-38,0,10922,7443,3905,5139,1800,78,657,2671,0,200,.1198498443508515,201,205,204694.4666666667,18.74148202404932,16.19166666666667,54.61,0,prcp_aero,26.4,tmax_obs,19.2,22.6,0,0,0,0,224652,18992,1,-45,-2,-31,-51,-39,13,9.298534382712099,12.22927373985592,8.915029272359911,9.298625936843543,.3575352499542208,8.270013062273787,8.54461378699223,12.32230781719627,1,0,0,0
2021-02-04,2021,2,4,0,0,0,0,0,0,-37,0,12233,8290,4408,5663,2089,73,682,3205,0,200,.145835036377013,201,266,240190.05,19.63459903539606,16.95,61.165,.5,prcp_aero,29,tmax_gsod_aero,17.3,23,0,0,0,0,,,0,-43,-3,-24,-48,-40,13,9.411892497046916,12.38918576395654,9.022805248129341,9.411974239802511,.3603367939180904,8.391176350832751,8.641709066113805,,1,0,0,0
2021-02-05,2021,2,5,0,0,0,0,0,0,-36,0,11909,8120,4263,5585,1982,79,838,3133,0,200,.1401461079855571,200,262,233460.2,19.60367789067092,17.13333333333333,59.545,0,prcp_aero,29.3,tmax_aero,16.2,22.6,0,0,0,0,,,0,-42,-1,-26,-46,-38,13,9.385049695767997,12.36076689188409,9.002085433155724,9.385133662349347,.357964564614997,8.357728416765211,8.627839711503301,,1,0,0,0
2021-02-06,2021,2,6,1,0,0,0,0,0,-35,0,10493,7150,3807,4833,1778,75,1155,3155,0,200,.1787858572381588,200,363,226489.1833333333,21.58478827154611,18.53333333333334,52.465,0,prcp_gsod_aero,29,tmax_gsod_aero,16.9,24.6,0,0,0,0,,,0,-41,-2,-20,-36,-11,6,9.25846364715791,12.33045246706216,8.874867635688053,9.258558944246657,.3628133041075002,8.244596756382498,8.483222671845084,,1,0,0,0
2021-02-07,2021,2,7,1,0,0,0,0,0,-34,0,9757,6526,3493,4545,1639,80,1122,3351,0,200,.208158245362304,200,408,223455.9,22.90211130470431,19.56666666666667,48.785,0,prcp_gsod_aero,33.1,tmax_obs,21,26.7,0,0,0,0,,,0,-44,-11,-20,-39,-12,5,9.18574025510795,12.31696935813027,8.783549477153265,9.185842740375783,.3579993850568822,8.158516244806831,8.421783006611578,,1,0,0,0
2021-02-08,2021,2,1,0,0,0,0,0,0,-33,0,10356,7138,3678,4845,1765,68,690,2846,0,200,.1206064117419853,201,167,190561.5,18.4010718424102,15.96666666666667,51.78,2,prcp_aero,32.2,tmax_obs,19.5,22.7,0,1,0,0,,,0,-46,-6,-39,-49,-41,12,9.245321340871428,12.15773025609467,8.873187904050106,9.24541789858888,.3551564310544612,8.210124405164267,8.485702524324866,,1,0,0,0
2021-02-09,2021,2,2,0,0,0,0,0,0,-32,0,10608,7269,3789,4965,1785,69,444,2410,0,200,.1192496229260935,200,190,197927.1666666667,18.65829248366013,16.13333333333333,53.04,0,prcp_obs,27.1,tmax_aero,17,21.2,0,0,0,0,,,0,-43,-6,-32,-47,-40,13,9.269363712425644,12.19565439688722,8.891374009484636,9.269457976459272,.357183257918552,8.239857411018601,8.510168576479273,,1,0,0,0
2021-02-10,2021,2,3,0,0,0,0,0,0,-31,0,10513,7355,3755,4841,1848,69,217,2589,0,200,.1358318272614858,201,195,204951.3666666667,19.49504106027458,17.01666666666667,52.565,9.398,prcp_gsod_aero,25.5,tmax_obs,19.5,19.7,0,1,0,0,,,0,-43,0,-26,-47,-38,12,9.26036786557583,12.23052799420333,8.903135633035538,9.260462981379394,.3571768286882907,8.230843564198235,8.484876589939695,,1,0,0,0
2021-02-11,2021,2,4,0,0,0,0,0,0,-30,0,9781,6807,3475,4611,1636,59,702,2199,0,200,.1092935282690931,201,147,194360.4833333333,19.87122823160549,15.81666666666667,48.905,0,,23.5,,13.9,18.7,1,0,0,1,,,0,-46,-6,-43,-48,-39,14,9.188197007290492,12.17746987531101,8.825706773447951,9.188299241099303,.3552806461507003,8.153349757998893,8.436200032206706,,1,0,0,0
2021-02-12,2021,2,5,0,0,0,0,0,0,-29,0,11109,7506,3999,5236,1818,56,629,2575,0,200,.1349356377711765,201,203,213575.9333333333,19.22548684250008,16.51666666666667,55.545,0,,23.5,,13.9,18.7,1,0,0,1,,,0,-41,2,-34,-45,-38,13,9.315510869581722,12.27174770805982,8.923457979694966,9.315600882633676,.3599783958952201,8.293799608846818,8.56331312702979,,1,0,0,0
2021-02-13,2021,2,6,1,0,0,0,0,1,-28,0,9112,6278,3229,4271,1555,57,1083,1817,0,200,.1651668129938543,200,337,189088.4833333333,20.75158947907521,17.75,45.56,0,,25.5,tmax_gsod_aero,19.6,24.9,1,0,0,0,106847,15403,1,-39,3,-36,-39,-13,8,9.117347505127018,12.1499703502712,8.744806737401898,9.117457244496126,.3543678665496049,8.079927770758275,8.359603270841467,11.57915318361004,1,0,0,0
2021-02-14,2021,2,7,1,0,0,0,0,1,-27,0,8371,5644,3084,3905,1334,48,918,2145,0,200,.2159837534344762,200,539,195468.3166666667,23.35065304822204,20.03333333333334,41.855,4.318000000000001,prcp_gsod_aero,26.22222222222223,tmax_gsod_aero,19.9,23.6,0,1,0,0,57816,11897,1,-31,0,-25,-38,-9,10,9.032528630660057,12.18315358218781,8.638348312972704,9.03264808356589,.3684147652610202,8.033982734683221,8.270013062273787,10.96502083296282,1,0,0,0
2021-02-17,2021,2,3,0,0,0,0,0,0,-24,0,12715,8517,4567,5942,2117,89,592,3103,0,200,.1314195831694849,201,251,239321.0833333333,18.821949141434,16.61666666666667,63.575,0,prcp_gsod_aero,27,tmax_gsod_aero,18.1,22,0,0,0,0,210522,18128,1,-39,7,-15,-42,-37,11,9.45053767785622,12.3855613742083,9.049819445141081,9.450616322030694,.3591820684231223,8.426611813185,8.689801056022553,12.2573454397076,1,0,0,0
2021-02-18,2021,2,4,0,0,0,0,0,0,-23,0,13260,8851,4813,6226,2136,85,760,3338,0,200,.128657616892911,201,235,254084.6333333333,19.16173705379588,16.75,66.3,0,prcp_gsod_aero,28,tmax_gsod_aero,16.9,24.4,0,0,0,0,220743,18141,1,-42,2,-22,-42,-38,13,9.492507263739853,12.44542269260092,9.088285725968877,9.4925826756776,.3629713423831071,8.479075869303109,8.736489351001554,12.30475440788416,1,0,0,0
2021-02-19,2021,2,5,0,0,0,0,0,0,-22,0,13058,8777,4655,6223,2091,89,876,3312,0,200,.1321029254097105,201,286,257187.4833333333,19.69577908817073,16.65,65.29000000000001,0,prcp_gsod_aero,31.9,tmax_obs,21.6,24.7,0,0,0,0,216205,18209,1,-39,4,-22,-42,-35,13,9.477156251746578,12.45756060504996,9.079889942592118,9.477232830220407,.3564864450911319,8.445697189711167,8.736007384569218,12.28398231065433,1,0,0,0
2021-02-20,2021,2,6,1,0,0,0,0,0,-21,0,12066,8187,4427,5578,1981,80,1272,3515,0,200,.1790982927233549,200,498,260316.2333333333,21.57436046190397,18.71666666666667,60.33,0,prcp_gsod_aero,24.22222222222222,tmax_gsod_aero,22.5,24.7,0,0,0,0,116594,15741,1,-35,7,-10,-33,-11,7,9.398146859000708,12.46965245297715,9.010302809376448,9.398229733073601,.3668987236863915,8.395477432732141,8.626585568187434,11.66645309359854,1,0,0,0
2021-02-21,2021,2,7,1,0,0,0,0,0,-20,0,11424,7594,4207,5292,1863,62,1314,3667,0,199,.2161239495798319,200,545,264574.9166666667,23.15956903594771,20.06666666666667,57.4070351758794,0,prcp_gsod_aero,28,tmax_gsod_aero,18.2,28.3,0,0,0,0,58496,12252,1,-38,-3,-11,-36,-13,7,9.343471684579365,12.48587972899133,8.935113740791747,9.343559215762406,.3682598039215687,8.344505083590521,8.573951525234847,10.97671365481382,1,0,0,0
2021-02-22,2021,2,1,0,0,0,0,0,0,-19,0,8399,6104,2940,4042,1368,49,689,2393,0,200,.1132277652101441,201,160,153501.1166666667,18.27611818867326,15.9,41.995,29.972,prcp_gsod_aero,30.5,tmax_obs,18.9,24.3,0,1,1,0,188038,18260,1,-47,-9,-46,-49,-40,15,9.035867930125628,11.94146312068434,8.716699572964293,9.035986984831405,.3500416716275747,7.986164860332727,8.304494897963567,12.14439934904662,1,0,0,0
2021-02-23,2021,2,2,0,0,0,0,0,0,-18,0,13639,9037,5031,6313,2215,80,540,3235,0,200,.1389398049710389,200,289,267652.8166666667,19.6240792335704,16.98333333333333,68.19499999999999,.508,prcp_gsod_aero,27.6,tmax_obs,17.9,23.1,0,0,0,0,221811,18752,1,-37,4,-11,-40,-36,12,9.520688614926876,12.49744595946003,9.109082539901955,9.520761931397454,.3688686853874917,8.523374050491318,8.750366278367626,12.30958094689769,1,0,0,0
2021-02-24,2021,2,3,0,0,0,0,0,0,-17,0,13612,9152,4892,6406,2226,88,827,3407,0,200,.1315016162209815,201,256,259996.6833333333,19.10054976001567,16.68333333333333,68.06,0,prcp_gsod_aero,31,tmax_gsod_aero,17.4,24.1,0,0,0,0,220421,18841,1,-38,5,-10,-41,-34,11,9.518707035620796,12.46842415350604,9.121727713619579,9.518780497512474,.3593887746106377,8.495356496807062,8.764990330169104,12.30329463302864,1,0,0,0
2021-02-25,2021,2,4,0,0,0,0,0,0,-16,0,12821,8704,4708,5977,2059,77,870,3301,0,200,.1290070977302862,200,227,244670.3166666667,19.08355952473806,16.6,64.105,0,prcp_gsod_aero,31,tmax_aero,18.2,25.2,0,0,0,0,228979,18973,1,-40,1,-21,-41,-35,12,9.4588397305527,12.4076669370734,9.071537969095724,9.458917724547202,.3672100460182513,8.457018468380168,8.695674048824253,12.34138557527463,1,0,0,0
2021-02-26,2021,2,5,0,0,0,0,0,0,-15,0,12829,8755,4554,6101,2081,93,895,3376,0,200,.1361758515862499,200,256,247517.85,19.29361992361057,16.76666666666667,64.145,0,prcp_gsod_aero,32.5,tmax_obs,23.2,27.3,0,0,0,0,226216,18758,1,-37,5,-19,-40,-33,12,9.459463512249339,12.41923797960239,9.077380244719953,9.459541457609682,.3549770052225427,8.423761246623686,8.716207971151853,12.32924557402647,1,0,0,0
2021-02-27,2021,2,6,1,0,0,0,0,0,-14,0,11879,8061,4314,5531,1952,82,1359,3575,0,200,.1703005303476724,200,387,252387,21.24648539439347,18.2,59.395,0,prcp_gsod_aero,31,tmax_obs,22.4,26,0,0,0,0,122007,15925,1,-33,11,-9,-29,-10,6,9.382527414289539,12.43871890277599,8.994792897283601,9.382611592916636,.363161882313326,8.369620826949102,8.618123909994678,11.71183369911857,1,0,0,0
2021-02-28,2021,2,7,1,0,0,0,0,0,-13,0,11032,7583,4041,5153,1750,88,1323,3502,0,200,.2089376359680928,201,482,252208.9333333333,22.86157843848199,19.65,55.16,0,prcp_gsod_aero,29.9,tmax_obs,22.6,25.9,0,0,0,0,57543,12085,1,-37,3,-12,-34,-12,6,9.308555419473137,12.43801312350868,8.933664178700935,9.308646060760307,.3662980420594634,8.304247465078474,8.547334348328224,10.9602877733898,1,0,0,0
2021-03-01,2021,3,1,0,0,0,0,0,0,-12,0,13198,8923,4767,6212,2142,77,776,3237,0,200,.1280497045006819,201,260,249325.0166666667,18.89112112946406,16.58333333333333,65.99,0,prcp_gsod_aero,29.8,tmax_obs,22.9,26.1,0,0,0,0,,,0,-38,4,-24,-42,-35,12,9.487820581943367,12.42651261211722,9.096387491900151,9.487896348128954,.3611910895590241,8.469472455204826,8.734238184268579,,1,0,0,0
2021-03-02,2021,3,2,0,0,0,0,0,0,-11,0,13312,8950,4891,6230,2109,82,659,3216,0,200,.12890625,200,269,255294.7,19.17778695913462,16.81666666666667,66.56,0,prcp_gsod_aero,28,tmax_gsod_aero,23.5,26,0,0,0,0,146028,14653,1,-36,6,-14,-41,-35,12,9.49642116306099,12.45017384312376,9.099408811268901,9.496496280431916,.3674128605769231,8.495152060539358,8.737131611781498,11.8915536631248,1,0,0,0
2021-03-03,2021,3,3,0,0,0,0,0,0,-10,0,13613,9197,4929,6374,2232,78,846,3480,0,200,.1309042826709763,200,246,258298.4666666667,18.97439702245403,16.81666666666667,68.065,0,prcp_gsod_aero,29.9,tmax_obs,23.4,26,0,0,0,0,234638,19225,1,-36,12,-12,-40,-33,11,9.518780497512474,12.46187104281647,9.126632622902697,9.518853954007897,.3620803643575993,8.502891406705377,8.759982494977281,12.36579917991913,1,0,0,0
2021-03-04,2021,3,4,0,0,0,0,0,0,-9,0,13632,9288,4907,6476,2165,84,902,3501,0,200,.1288879107981221,200,260,257486.4333333333,18.88838272691706,16.49166666666667,68.16,0,prcp_gsod_aero,29,tmax_obs,23.5,25.7,0,0,0,0,,,0,-38,9,-20,-40,-34,12,9.520175249069098,12.45872231161382,9.136478523377727,9.520248603186129,.3599618544600939,8.498418036089904,8.775858314797526,,1,0,0,0
2021-03-05,2021,3,5,0,0,0,0,0,0,-8,0,13958,9533,5046,6610,2221,81,973,3482,0,200,.1365525146869179,201,273,303861.8,21.76972345608253,16.65,69.79000000000001,0,prcp_gsod_aero,29.2,tmax_obs,19.5,22.7,0,0,0,0,,,0,-32,14,-18,-37,-32,12,9.543808099577097,12.6243282717609,9.162514742493578,9.543879740512757,.361513110760854,8.526351129201004,8.796338932845732,,1,0,0,0
2021-03-06,2021,3,6,1,0,0,0,0,0,-7,0,12346,8556,4553,5715,2000,78,1295,3530,0,200,.1847561963388952,201,447,266694.8166666667,21.60171850531886,18.35,61.73,0,prcp_gsod_aero,23.22222222222222,tmax_gsod_aero,14.1,20.7,0,0,0,0,,,0,-27,18,-6,-26,-10,6,9.421087402953841,12.49386027491063,9.054388070202297,9.421168397567744,.3687834116312976,8.423541635334782,8.650849576228911,,1,0,0,0
2021-03-07,2021,3,7,1,0,0,0,0,0,-6,0,11551,7912,4308,5422,1753,68,1442,3694,0,200,.2083802268201887,201,515,261128.4333333333,22.60656508815976,19.68333333333333,57.755,0,prcp_gsod_aero,27,tmax_gsod_aero,16,23.2,0,0,0,0,,,0,-32,8,-2,-29,-13,6,9.35452729228868,12.47276764700923,8.976135873302548,9.354613861132608,.3729547225348455,8.368229038276279,8.598220030058611,,1,0,0,0
2021-03-08,2021,3,1,0,0,0,0,0,0,-5,0,13428,9205,4740,6387,2219,82,847,3306,0,200,.1178879952338397,200,245,248477.8666666667,18.50445834574521,16.11666666666667,67.14,0,prcp_gsod_aero,32,tmax_gsod_aero,21.1,26.2,0,0,0,0,,,0,-35,7,-16,-38,-34,11,9.505097358099926,12.42310905281228,9.127502093667179,9.505171826581176,.3529937444146559,8.463792414689122,8.762019953561589,,1,0,0,0
2021-03-09,2021,3,2,0,0,0,0,0,0,-4,0,13956,9466,5094,6507,2256,99,616,3300,0,205,.1347090856979077,208,264,263525.1666666667,18.88257141492309,16.41666666666667,68.07804878048781,0,prcp_gsod_aero,33.5,tmax_obs,15.1,21.1,0,0,0,0,,,0,-34,10,-11,-37,-33,11,9.543664802306665,12.48190415157425,9.155461710466193,9.543736453508645,.3650042992261393,8.535818655539403,8.780633799494984,,1,0,0,0
2021-03-10,2021,3,3,0,0,0,0,0,0,-3,0,13441,9282,4846,6328,2198,69,692,3189,0,208,.1284874637303772,209,241,253129.7833333333,18.83266002033579,16.41666666666667,64.62019230769231,0,prcp_gsod_aero,26.11111111111111,tmax_gsod_aero,18.9,23.7,0,0,0,0,,,0,-35,13,-9,-37,-31,11,9.506065016071148,12.44165761378373,9.135832319801121,9.506139412529912,.3605386503980358,8.485908901376471,8.752739509447491,,1,0,0,0
2021-03-11,2021,3,4,0,0,0,0,0,0,-2,0,11990,8499,4348,5720,1847,75,632,2837,0,215,.1260216847372811,216,245,226083.4166666667,18.85599805393384,16.5,55.76744186046512,0,prcp_gsod_aero,31,tmax_gsod_aero,21.5,25.8,0,0,0,0,,,0,-37,8,-21,-39,-32,12,9.391828248021559,12.32865931044865,9.047703788498627,9.391911647379434,.3626355296080067,8.377471248241101,8.651724084373843,,1,0,0,0
2021-03-12,2021,3,5,0,0,0,0,0,0,-1,0,12456,8728,4388,5944,2037,87,861,2991,0,217,.1372832369942197,219,227,237143.9833333333,19.03853430742882,16.40833333333334,57.40092165898618,0,prcp_gsod_aero,31.2,tmax_obs,20,24.4,0,0,0,0,,,0,-34,10,-19,-36,-30,12,9.429957713513835,12.37642276026212,9.074291527512907,9.430037992886092,.3522800256904303,8.386628821395121,8.690137586397595,,1,0,0,0
2021-03-14,2021,3,7,1,0,0,0,0,0,1,1,2707,2018,987,1297,405,18,363,874,0,214,.3088289619504987,225,50,74406.26666666666,27.48661494889792,22.58333333333333,12.64953271028037,0,prcp_gsod_aero,29,tmax_gsod_aero,19.3,24.7,0,0,0,0,66883,13651,1,-34,5,-8,-30,-14,7,7.903596289614301,11.21729544666477,7.609862200913554,7.903965634032166,.3646102696712227,6.894670039433482,7.167809184316444,11.11070010321189,1,0,0,0
2021-03-15,2021,3,1,0,0,0,0,0,0,2,1,10022,6959,3527,4787,1648,60,424,1508,0,224,.1085611654360407,227,180,184214.05,18.38096687287966,15.61666666666667,44.74107142857143,0,,30.5,tmax_obs,21.2,24.4,1,0,0,0,250688,20867,1,-37,5,-27,-39,-31,12,9.21253795551967,12.12385367568168,8.84779106484485,9.212637731024866,.3519257633206945,8.168202930236053,8.473659189392508,12.4319644170255,1,0,0,0
2021-03-16,2021,3,2,0,0,0,0,0,0,3,1,8436,5987,2943,4083,1347,63,399,2026,0,224,.0968468468468468,228,102,147586.35,17.49482574679943,14.8,37.66071428571429,3.81,prcp_gsod_aero,27,tmax_obs,21.5,22.6,0,1,0,0,250016,20828,1,-40,2,-36,-39,-32,13,9.040263541598666,11.9021687071972,8.697345730925353,9.040382074165628,.3488620199146515,7.987184748233473,8.314587291319576,12.42928019479647,1,0,0,0
2021-03-17,2021,3,3,0,0,0,0,0,0,4,1,9064,6435,3230,4370,1408,56,503,2144,0,225,.1095542806707855,229,137,170149.2833333333,18.77198624595469,15.36666666666667,40.28444444444445,1.5,prcp_obs,23.7,tmax_obs,17.72222222222222,19.3,0,1,0,0,263074,21408,1,-38,7,-30,-39,-31,13,9.112065802707843,12.04443146795035,8.769507120030227,9.112176123188952,.3563548102383054,8.080237416216702,8.382518288089635,12.48019064040441,1,0,0,0
2021-03-18,2021,3,4,0,0,0,0,0,0,5,1,10795,7517,3848,5153,1728,66,540,2356,0,227,.1192218619731357,230,163,201273.9333333333,18.64510730276362,16.03333333333334,47.55506607929515,0,prcp_gsod_aero,20.8,tmax_obs,10.5,16.2,0,0,0,0,294287,21418,1,-35,9,-16,-34,-30,12,9.286838342948908,12.21242211160543,8.924922401177469,9.286930974137896,.3564613246873553,8.255308811785596,8.547334348328224,12.59231076063295,1,0,0,0
2021-03-19,2021,3,5,0,0,0,0,0,0,6,1,10556,7327,3706,5082,1695,73,625,2235,0,226,.1149109511178477,229,154,196349.6666666667,18.60076417835039,15.95,46.70796460176991,0,prcp_gsod_aero,22,tmax_gsod_aero,12.4,17.9,0,0,0,0,273214,21211,1,-34,11,-22,-35,-28,13,9.264449697623215,12.18765236235596,8.899321434159964,9.264544425989694,.3510799545282304,8.217708406845306,8.533460163880109,12.51801064987533,1,0,0,0
2021-03-20,2021,3,6,1,0,0,0,0,0,7,1,1720,1397,574,861,273,12,322,733,0,208,.2168604651162791,221,49,37992.41666666666,22.08861434108527,18.46666666666667,8.26923076923077,17.5,prcp_obs,24.2,tmax_obs,17,19.6,0,1,1,0,111696,16883,1,-38,8,-48,-38,-18,13,7.450079569807499,10.54514185738999,7.242082359256962,7.450660796211539,.3337209302325582,6.352629396319567,6.758094504427731,11.62353617421018,1,0,0,0
2021-03-21,2021,3,7,1,0,0,0,0,0,8,1,3419,2545,1212,1612,563,32,324,784,0,222,.3410353904650483,226,178,96624.64999999999,28.26108511260602,24.45,15.4009009009009,0,prcp_gsod_aero,23.22222222222222,tmax_gsod_aero,15.5,19.3,0,0,0,0,72532,14094,1,-27,12,0,-26,-14,9,8.137103389639302,11.47858916363219,7.841885928984623,8.137395830056651,.3544896168470313,7.10002716662926,7.385230923066573,11.19178312277392,1,0,0,0
2021-03-22,2021,3,1,0,0,0,0,0,0,9,1,10516,7199,3681,5166,1618,51,435,2016,0,227,.1166793457588437,230,171,191664.3,18.22596995055154,15.91666666666667,46.32599118942731,0,prcp_gsod_aero,24.4,tmax_obs,13.6,19.3,0,0,0,0,263632,20839,1,-35,7,-24,-37,-29,12,9.260653185849773,12.16350068320906,8.881697406469304,9.260748274520028,.350038037276531,8.210939733379021,8.549853973655786,12.48230947029721,1,0,0,0
2021-03-23,2021,3,2,0,0,0,0,0,0,10,1,11630,8072,4152,5515,1873,90,473,2483,0,226,.1269991401547722,229,187,216752.25,18.63733877901978,16.20833333333333,51.46017699115044,0,prcp_gsod_aero,23.72222222222223,tmax_gsod_aero,15.5,20.7,0,0,0,0,276809,21265,1,-27,11,-5,-32,-28,9,9.36134324551271,12.28651027521175,8.996156562033445,9.361429226339039,.3570077386070507,8.331345424845724,8.615226931687603,12.53108301664794,1,0,0,0
2021-03-25,2021,3,4,0,0,0,0,0,0,12,1,3304,2603,1132,1670,478,24,150,1330,0,221,.0926150121065375,228,33,55985.71666666667,16.94482949959645,14.4,14.95022624434389,64,prcp_obs,27.4,tmax_obs,20.2,21.3,0,1,1,0,227924,20857,1,-53,-15,-58,-48,-34,17,8.102889134640869,10.93285187766026,7.864419904994565,8.103191752285786,.3426150121065376,7.031741258763129,7.420578905410801,12.33676751903534,1,0,0,0
2021-03-26,2021,3,5,0,0,0,0,0,0,13,1,9781,6859,3381,4741,1599,60,508,2081,0,226,.1202331049994888,230,135,179231.3333333333,18.32443853730021,15.95,43.2787610619469,2.032,prcp_gsod_aero,23.22222222222222,tmax_gsod_aero,18.6,21.1,0,1,0,0,271363,21132,1,-35,13,-27,-35,-28,14,9.188197007290492,12.09643261542876,8.833316937499321,9.188299241099303,.3456701768735303,8.125926802707886,8.464003362902119,12.51121268694909,1,0,0,0
2021-03-27,2021,3,6,1,0,0,0,0,0,14,1,2848,2194,1028,1341,462,17,380,819,0,219,.2622893258426967,224,90,70139.98333333334,24.62780313670412,20.4,13.00456621004566,2.286,prcp_gsod_aero,23.5,tmax_aero,18.5,20.8,0,1,0,0,129465,17430,1,-30,17,-25,-29,-13,11,7.954372272531867,11.15824828607414,7.693481640835175,7.954723334497908,.3609550561797753,6.93537044601511,7.201170883281678,11.77116585332187,1,0,0,0
2021-03-28,2021,3,7,1,0,0,1,0,0,15,1,3301,2454,1272,1520,487,22,317,773,0,221,.3504998485307483,226,200,93996.66666666667,28.47520953246491,23.96666666666667,14.93665158371041,0,prcp_gsod_aero,24.7,tmax_obs,16.8,20.4,0,0,0,0,65456,13679,1,-32,9,-6,-29,-16,11,8.101980731853193,11.45101459963048,7.805474625270857,8.102283624480073,.3853377764313845,7.148345743900068,7.326465613840322,11.08913344016918,1,0,0,0
2021-03-29,2021,3,1,0,0,0,1,0,0,16,1,10436,7146,3757,4935,1674,70,457,2225,0,227,.1207359141433499,230,150,193886.8,18.57865082407053,15.98333333333333,45.97356828193833,0,prcp_gsod_aero,24.7,tmax_obs,17,20.2,0,0,0,0,265154,21130,1,-36,7,-24,-37,-29,13,9.253016646256619,12.17502976258544,8.874308038583354,9.253112463820052,.3600038328861633,8.231376045573969,8.504107951867582,12.48806606825198,1,0,0,0
2021-03-30,2021,3,2,0,0,0,0,0,0,17,1,10690,7394,3875,5110,1651,54,446,2151,0,226,.1313376987839102,230,167,205959.1833333333,19.2665279077019,16.51666666666667,47.30088495575221,0,prcp_gsod_aero,24,tmax_obs,13.1,19.2,0,0,0,0,267067,21058,1,-33,9,-10,-35,-28,11,9.27706400401909,12.23543328898099,8.908424139496578,9.2771575450135,.362488306828812,8.262300941787448,8.538954683197749,12.49525484223272,1,0,0,0
2021-03-31,2021,3,3,0,0,0,0,0,0,18,1,10830,7411,3877,5160,1715,78,495,2205,0,226,.1257617728531856,231,165,215932.1833333333,19.93833641120345,16.21666666666667,47.92035398230089,0,prcp_gsod_aero,24,tmax_obs,15.2,19.9,0,0,0,0,280034,21076,1,-28,22,-6,-31,-28,9,9.290075339995036,12.28271967131926,8.910720661951359,9.290167671835738,.3579870729455217,8.262816937670928,8.548691858475609,12.54266630335096,1,0,0,0
2021-04-03,2021,4,6,1,0,0,1,0,1,21,1,3787,2631,1456,1761,539,31,307,788,0,227,.3316609453393187,230,260,110324.1,29.13232109849485,23.46666666666667,16.68281938325991,0,prcp_gsod_aero,23.11111111111111,tmax_gsod_aero,18.7,21.9,0,0,0,0,182254,15001,1,-33,12,-9,-33,-16,9,8.239329427901796,11.61117767638863,7.875119281040293,8.239593454305968,.3844731977818854,7.283448228756631,7.473637108496206,12.11315659750385,1,0,0,0
2021-04-04,2021,4,7,1,0,0,1,0,1,22,1,2829,2056,1046,1358,406,19,265,632,0,218,.3630258041710852,224,203,85618.86666666667,30.26471073406386,25.16666666666667,12.97706422018349,0,prcp_gsod_obs,23.5,tmax_aero,19.1,22.2,0,0,0,0,,,0,-40,-1,-17,-31,-11,5,7.947678571301568,11.35766094282865,7.628517626575055,7.948031990637284,.3697419582891481,6.952728644624869,7.213768308118642,,1,0,0,0
2021-04-05,2021,4,1,0,0,0,0,0,0,23,1,9963,6818,3636,4732,1541,54,401,2058,0,227,.1232560473752886,229,189,184922.1333333333,18.56088862123189,15.88333333333333,43.88986784140969,0,prcp_gsod_aero,26,tmax_gsod_aero,20.8,23.9,0,0,0,0,,,0,-37,6,-21,-38,-29,12,9.206633510044856,12.12769011455591,8.827321452697849,9.206733876382071,.3649503161698284,8.19863945529737,8.462103225098277,,1,0,0,0
2021-04-06,2021,4,2,0,0,0,0,0,0,24,1,10388,7200,3709,4958,1655,66,428,2145,0,226,.1277435502502888,229,179,195598.6,18.82928378898729,16.4,45.9646017699115,0,prcp_gsod_aero,26,tmax_aero,20.1,24.4,0,0,0,0,,,0,-36,10,-14,-36,-29,13,9.248406572782638,12.18381987909303,8.881836305004146,9.248502833070532,.3570465922217944,8.218517577489591,8.508757712595136,,1,0,0,0
2021-04-07,2021,4,3,0,0,0,0,0,0,25,1,10466,7180,3727,4991,1703,45,473,2131,0,225,.1245939231798204,227,157,197364.0666666667,18.85764061405185,16.10833333333333,46.51555555555556,0,prcp_gsod_aero,27,tmax_gsod_aero,22,25.1,0,0,0,0,,,0,-36,16,-10,-37,-29,12,9.255887186932153,12.19280535631456,8.87905466204227,9.255982729854884,.3561054844257596,8.223358899479258,8.515391569469609,,1,0,0,0
2021-04-08,2021,4,4,0,0,0,0,0,0,26,1,8228,5933,2969,3915,1293,51,476,762,0,225,.1135148274185707,228,127,150669.4,18.31178901312591,15.85,36.56888888888889,0,,29.4,tmax_obs,21.4,24.4,1,0,0,0,,,0,-42,5,-32,-38,-30,15,9.015298250772847,11.92284331157462,8.688285266258644,9.015419779605713,.3608410306271269,7.99598047476376,8.272570608424903,,1,0,0,0
2021-04-09,2021,4,5,0,0,0,0,0,0,27,1,6506,4753,2190,3296,981,39,126,1304,0,226,.1200430371964341,229,98,118838.55,18.26599292960344,15.75,28.78761061946903,32,prcp_obs,26.2,tmax_obs,20.5,21.5,0,1,1,0,,,0,-45,6,-47,-45,-31,18,8.780480107033297,11.68552112822308,8.46653127661401,8.780633799494984,.3366123578235475,7.691656822810547,8.100464891029363,,1,0,0,0
2021-04-10,2021,4,6,1,0,0,0,0,0,28,1,1495,1168,537,736,211,11,155,397,0,209,.2374581939799331,222,42,33838.68333333333,22.63457079152731,17.96666666666667,7.15311004784689,0,prcp_obs,23.4,tmax_obs,20.2,21.3,0,0,0,0,,,0,-43,13,-57,-43,-19,16,7.309881485824787,10.42935990437376,7.063048163388173,7.310550158534422,.3591973244147158,6.285998094508865,6.601230118728877,,1,0,0,0
2021-04-11,2021,4,7,1,0,0,0,0,0,29,1,2703,1998,1003,1225,441,34,112,527,0,219,.3392526822049575,226,122,74467.68333333333,27.55001233197682,23.75,12.34246575342466,9.143999999999998,prcp_gsod_aero,21.7,tmax_obs,15,19.4,0,1,0,0,,,0,-38,14,-35,-42,-23,16,7.902117546276448,11.21812052949693,7.599901959208498,7.902487437162855,.3710691823899371,6.910750787961936,7.110696122978827,,1,0,0,0
2021-04-12,2021,4,1,0,0,0,0,0,0,30,1,9711,6717,3500,4542,1598,71,220,1737,0,226,.1394295129234888,228,175,186906.4,19.24687467819998,16.9,42.96902654867257,0,prcp_aero,24,tmax_gsod_aero,11.8,18.1,0,0,0,0,,,0,-39,8,-26,-42,-29,15,9.181014542594355,12.13836323576803,8.812396905266864,9.181117513299279,.3604160230666255,8.160518247477505,8.421122722665503,,1,0,0,0
2021-04-13,2021,4,2,0,0,0,0,0,0,31,1,10268,7079,3688,4874,1637,69,231,1844,0,226,.1337164004674718,229,163,197183.1,19.2036521231009,16.65833333333334,45.43362831858407,0,prcp_gsod_aero,25.8,tmax_obs,12,19,0,0,0,0,213495,20566,1,-39,9,-17,-42,-30,15,9.236787541991031,12.19188801768108,8.86488793377419,9.236884927198295,.3591741332294507,8.212839584676484,8.491670234185152,12.27136869217284,1,0,0,0
2021-04-14,2021,4,3,0,0,0,0,0,0,32,1,10714,7267,3834,5071,1753,56,256,1908,0,226,.1412170991226433,229,160,205683.8833333333,19.19767438242798,16.73333333333333,47.4070796460177,0,prcp_gsod_aero,25.8,tmax_obs,14,18.9,0,0,0,0,210049,20427,1,-39,14,-14,-42,-31,14,9.279306576440906,12.2340957222231,8.891098830616636,9.279399907907678,.3578495426544708,8.251663923605589,8.531293315795018,12.25509611581495,1,0,0,0
2021-04-15,2021,4,4,0,0,0,0,0,0,33,1,10427,7125,3661,4984,1705,77,311,1834,0,226,.136376714299415,229,148,201612.9333333333,19.33566062466034,16.98333333333333,46.13716814159292,0,prcp_gsod_aero,24,tmax_gsod_aero,15.6,20.5,0,0,0,0,211256,20522,1,-41,8,-27,-44,-30,16,9.252153874789594,12.21410496656076,8.871365005136852,9.252249775053393,.3511077011604488,8.205491613120236,8.513988060467289,12.26082594718294,1,0,0,0
2021-04-16,2021,4,5,0,0,0,0,0,0,34,1,9249,6494,3292,4369,1533,55,318,912,0,226,.146394204778895,229,128,184287.0833333333,19.92508199084586,17.3,40.92477876106194,0,prcp_gsod_aero,23.7,tmax_aero,16.4,20.7,0,0,0,0,204607,19732,1,-48,7,-28,-45,-30,19,9.13227071655426,12.12425005619552,8.778633952662791,9.132378830506472,.3559303708509028,8.099250561796961,8.382289428951436,12.22884634501314,1,0,0,0
2021-04-17,2021,4,6,1,0,0,0,0,0,35,1,5233,3721,1948,2291,956,38,118,412,0,226,.314733422510988,230,238,150327.7666666667,28.72688069303777,22.43333333333333,23.15486725663717,0,prcp_gsod_aero,26.3,tmax_obs,16.2,20.7,0,0,0,0,85685,15521,1,-44,14,-16,-41,-16,15,8.562740006372207,11.92057330030629,8.221747728346623,8.562931083090092,.3722530097458437,7.574558484202481,7.736743682453495,11.35843306009495,1,0,0,0
2021-04-18,2021,4,7,1,0,0,0,0,0,36,1,3386,2494,1260,1528,569,29,63,260,0,223,.3789131718842292,227,190,100230.2666666667,29.60137822405985,25.1,15.18385650224215,0,prcp_gsod_aero,25.7,tmax_obs,17.6,20.2,0,0,0,0,36516,11273,1,-49,3,-26,-47,-24,16,8.12740456269308,11.51522548456278,7.821643126239982,8.127699852817772,.3721204961606616,7.138866999945524,7.331714969726466,10.50550579968497,1,0,0,0
2021-04-19,2021,4,1,0,0,0,0,0,0,37,1,8792,6181,3114,4131,1493,54,180,782,0,227,.1388762511373976,229,131,170862.2,19.43382620564149,17.20833333333333,38.73127753303965,0,prcp_gsod_aero,23,tmax_gsod_aero,17.4,21.2,0,0,0,0,179964,19868,1,-47,-2,-29,-49,-35,18,9.081597496083457,12.04861266266158,8.729235349659273,9.081711229379001,.3541856232939036,8.043663352393944,8.326274787396764,12.10051210986968,1,0,0,0
2021-04-20,2021,4,2,0,0,0,0,0,0,38,1,10186,7067,3676,4755,1695,60,187,860,0,227,.1506970351462792,229,171,202160.2166666667,19.84686988677269,17.43333333333333,44.87224669603524,0,prcp_gsod_aero,25.1,tmax_obs,18.3,21.6,0,0,0,0,192578,20010,1,-44,4,-18,-45,-32,17,9.22876950744455,12.21681581381984,8.863191340690854,9.228867676590067,.3608874926369527,8.209580483475577,8.466951974979491,12.16825654544592,1,0,0,0
2021-04-21,2021,4,3,0,0,0,0,0,0,39,1,9990,6895,3584,4635,1700,71,194,924,0,227,.1406406406406406,230,170,194803.1166666667,19.49981147814481,16.93333333333333,44.00881057268722,0,prcp_gsod_aero,24,tmax_aero,18.7,21.7,0,0,0,0,193295,19946,1,-45,8,-16,-46,-32,16,9.2093398716426,12.17974466937812,8.838551790227402,9.209439966733019,.3587587587587587,8.18423477409482,8.441391477999956,12.17197279833317,1,0,0,0
2021-04-22,2021,4,4,0,0,0,0,0,0,40,1,9750,6783,3475,4587,1634,54,211,959,0,224,.1313846153846154,226,127,188275.3833333333,19.31029572649573,16.98333333333333,43.52678571428572,0,prcp_gsod_aero,25.4,tmax_obs,19,21.7,0,0,0,0,194327,20086,1,-48,4,-29,-47,-33,18,9.185022563991893,12.14566097499634,8.82217476094608,9.185125122835119,.3564102564102564,8.153349757998893,8.430981494597171,12.177297586082,1,0,0,0
2021-04-23,2021,4,5,0,0,0,0,0,0,41,1,9547,6712,3486,4436,1562,63,219,482,0,227,.1387870535246674,229,153,185474.9,19.42755839530743,16.86666666666667,42.05726872246696,0,,24.22222222222222,tmax_gsod_aero,16.72222222222223,22.6,1,0,0,0,195655,20129,1,-47,7,-27,-46,-31,19,9.163982247998034,12.13067484190136,8.811652248147043,9.16408698745872,.3651408819524458,8.156510226079966,8.397508348470257,12.18410818315152,1,0,0,0
2021-04-24,2021,4,6,1,0,0,1,0,0,42,1,3608,2681,1239,1705,626,38,84,368,0,223,.3046008869179601,227,143,96704.39999999999,26.80277161862528,22.66666666666667,16.17937219730942,20.066,prcp_gsod_aero,27.3,tmax_obs,15.3,18.2,0,1,1,0,84859,15635,1,-43,17,-28,-42,-17,16,8.190908881182514,11.47941418195741,7.893945138235959,8.191186004642789,.3434035476718403,7.122059881629142,7.441320389717617,11.34874633457187,1,0,0,0
2021-04-25,2021,4,7,1,0,0,0,0,0,43,1,3625,2699,1329,1614,648,34,81,299,0,224,.3795862068965517,228,204,111557.4166666667,30.77445977011494,25.76666666666667,16.18303571428572,0,prcp_gsod_aero,22.8,tmax_obs,10.8,16.2,0,0,0,0,38347,11353,1,-45,6,-15,-45,-22,15,8.195609567288775,11.62229468502536,7.900636613018005,8.195885391314796,.3666206896551724,7.192182058713246,7.386470848829895,10.55443157687764,1,0,0,0
2021-04-26,2021,4,1,0,0,0,0,0,0,44,1,9384,6417,3426,4358,1550,50,170,834,0,227,.1280903665814152,229,125,177798.45,18.94697890025575,16.53333333333334,41.33920704845815,0,prcp_gsod_aero,20.5,tmax_aero,11,16.4,0,0,0,0,187419,19787,1,-46,1,-30,-47,-31,17,9.146761390333312,12.08840588436365,8.766705997750515,9.14686794902061,.3650895140664962,8.139148678884066,8.379768515504566,12.14110203105372,1,0,0,0
2021-04-27,2021,4,2,0,0,0,0,0,0,45,1,9756,6722,3465,4606,1619,66,156,885,0,227,.1398113981139811,229,135,189298.8166666667,19.40332274156075,16.91666666666667,42.97797356828194,0,prcp_gsod_aero,20.38888888888889,tmax_gsod_aero,11.5,16.2,0,0,0,0,198949,20085,1,-45,4,-17,-45,-31,17,9.18563775933581,12.15108208607733,8.813141008285051,9.18574025510795,.3551660516605166,8.150467911624004,8.43511508038063,12.2008037894539,1,0,0,0
2021-04-28,2021,4,3,0,0,0,0,0,0,46,1,9981,6837,3601,4620,1700,60,172,938,0,227,.1358581304478509,229,144,194242.2,19.46119627291855,17.03333333333334,43.96916299559472,0,prcp_gsod_aero,23,tmax_gsod_aero,11.4,17.4,0,0,0,0,197423,19995,1,-45,9,-12,-44,-31,16,9.208438564686587,12.17686111298353,8.830104317913794,9.208538750029554,.3607854924356277,8.188966863648876,8.438149984075784,12.19310391388519,1,0,0,0
2021-04-29,2021,4,4,0,0,0,0,0,0,47,1,9906,6871,3530,4673,1641,62,183,943,0,227,.1480920654149001,229,161,197036.9833333333,19.89067063732418,16.975,43.63876651982379,0,prcp_gsod_aero,24.5,tmax_obs,12.2,18.8,0,0,0,0,197725,20130,1,-47,7,-23,-45,-31,17,9.200895913148184,12.19114672275707,8.835064935031076,9.200996856973029,.3563496870583485,8.169053149927343,8.449556542700426,12.19463245538762,1,0,0,0
2021-04-30,2021,4,5,0,0,0,0,0,0,48,1,9762,6832,3494,4617,1596,55,198,969,0,226,.1513009629174349,229,140,194280.55,19.90171583691866,17.55,43.19469026548673,0,prcp_gsod_aero,24.4,tmax_obs,14.6,19.2,0,0,0,0,200345,20237,1,-45,20,-21,-43,-29,18,9.186252576447092,12.17705852742129,8.829372735468406,9.186355009225672,.3579184593321041,8.158802490694002,8.437500422506989,12.20779615942645,1,0,0,0
2021-05-02,2021,5,7,1,0,0,0,0,1,50,1,4206,3067,1554,1830,797,25,133,398,0,221,.4037089871611983,226,257,132687.9333333333,31.54729751149152,26.23333333333333,19.0316742081448,0,prcp_gsod_aero,24,tmax_gsod_aero,15,20.4,0,0,0,0,186108,17691,1,-43,21,-9,-44,-21,14,8.344267356262645,11.79575528425909,8.028455164114252,8.344505083590521,.369472182596291,7.348587530927593,7.512071245835466,12.13408242934745,1,0,0,0
2021-05-03,2021,5,1,0,0,0,0,0,0,51,1,6553,4731,2282,3196,1029,46,183,531,0,226,.1103311460399817,229,58,119052.8666666667,18.16768909914034,15.51666666666667,28.99557522123894,12.954,prcp_gsod_aero,26.7,tmax_obs,18.8,21.5,0,1,1,0,244592,19876,1,-51,1,-46,-49,-33,18,8.787678239039497,11.68732293114351,8.461891875631148,8.787830829258759,.3482374484968717,7.732807530422021,8.069655306886165,12.40734679524082,1,0,0,0
2021-05-04,2021,5,2,0,0,0,0,0,0,52,1,8378,5847,3050,3872,1403,53,153,715,0,225,.1400095488183337,229,91,160530.4666666667,19.16095329036365,16.45833333333333,37.23555555555556,4.318000000000001,prcp_gsod_aero,23,tmax_obs,10.2,14.9,0,1,0,0,,,0,-44,12,-24,-45,-31,17,9.033364501506981,11.98623902700634,8.67368398817567,9.033483854613287,.364048698973502,8.022896869601457,8.261526448396468,,1,0,0,0
2021-05-05,2021,5,3,0,0,0,0,0,0,53,1,8403,5816,3005,4010,1348,40,145,737,0,225,.1363798643341664,229,115,158910.0166666667,18.91110516085525,16.26666666666667,37.34666666666666,0,prcp_gsod_aero,17,tmax_obs,7.8,12.2,0,0,0,0,,,0,-44,16,-19,-44,-31,16,9.036344063928219,11.97609338808785,8.668368019213355,9.036463061964891,.3576103772462216,8.008032846969307,8.296546520300614,,1,0,0,0
2021-05-06,2021,5,4,0,0,0,0,0,0,54,1,8489,5925,2961,4090,1378,60,145,805,0,223,.1464247850159029,228,114,163638.1333333333,19.27649114540386,16.58333333333333,38.06726457399103,0,prcp_gsod_aero,18,tmax_gsod_aero,5.3,11.8,0,0,0,0,,,0,-45,13,-28,-44,-31,17,9.046526486737967,12.00541276482436,8.686935966003333,9.046644279305394,.3488043350217929,7.993282328101591,8.316300249036848,,1,0,0,0
2021-05-07,2021,5,5,0,0,0,0,0,0,55,1,8833,6174,3125,4259,1378,71,177,892,0,226,.1409487150458508,229,106,171466.5333333333,19.41203819012038,17.05,39.08407079646018,0,prcp_gsod_aero,19.1,tmax_obs,5,11.4,0,0,0,0,,,0,-43,15,-23,-43,-32,19,9.086249986745132,12.05214338563216,8.728102205062104,9.086363192156473,.3537869353560512,8.047189562170502,8.356789669923213,,1,0,0,0
2021-05-08,2021,5,6,1,0,0,0,0,0,56,1,3988,2975,1484,1839,632,33,124,429,0,223,.3442828485456369,226,147,110113.7166666667,27.61126295553327,23.44166666666667,17.88340807174888,0,prcp_gsod_aero,18.2,tmax_obs,8.800000000000001,14.8,0,0,0,0,,,0,-33,25,-8,-33,-12,13,8.291045131081729,11.60926889866264,7.99799931797973,8.291295851905407,.3721163490471414,7.302496423727326,7.516977224604321,,1,0,0,0
